Workbook

Sheet Май 2021
A1: Сводная таблица всех лифтов Департамента управления гостиницами
A2: Название Объекта | B2: Номер корпуса\секции | C2: Номер лифта (порядковый) | D2: Номер лифта(заводской) | E2: В Работе\отключен | F2: Заявки по замене расходных материалов(кнопки, тросики, лампы) | G2: Заявки по застреваниям и поломкам лифтов | H2: Краткое описание проблем | I2: Дата ближайшего тех.освидетельствования | J2: Дата окончания страховки | K2: Лифт для ППП | L2: Кол-во остановок
A3: Пульсар | B3: нет | C3: 1 | D3: B7NS4223 | E3: 1 | I3: 44743 | K3: 1 | L3: 13 | P3: Дельта | Q3: Кнопки и прочие мелочи: | R3: =SUM(F16:F24) -> 3
B4: нет | C4: 2 | D4: B7NS4224 | E4: 1 | G4: 1 | I4: 44743 | K4: 0 | L4: 12 | Q4: Серьезные поломки: | R4: =SUM(G16:G24) -> 26
B5: нет | C5: 3 | D5: B7NS4225 | E5: 1 | I5: 44743 | K5: 0 | L5: 11 | P5: Гамма | Q5: Кнопки и прочие мелочи: | R5: =SUM(F25:F58) -> 21
B6: нет | C6: 4 | D6: B7NS4226 | E6: 1 | I6: 44743 | K6: 0 | L6: 11 | Q6: Серьезные поломки: | R6: =SUM(G25:G58) -> 9
B7: нет | C7: 5 | D7: B7NS4227 | E7: 1 | I7: 44743 | K7: 0 | L7: 12 | P7: Сигма | Q7: Кнопки и прочие мелочи: | R7: =SUM(F59:F138) -> 22
B8: нет | C8: 6 | D8: B7NS4228 | E8: 1 | I8: 44743 | K8: 0 | L8: 3 | Q8: Серьезные поломки: | R8: =SUM(G59:G138) -> 12
B9: нет | C9: 7 | D9: B7NS4229 | E9: 1 | I9: 44743 | K9: 0 | L9: 3 | P9: Омега | Q9: Кнопки и прочие мелочи: | R9: =SUM(F139:F146) -> 1
B10: нет | C10: 8 | D10: B7NS4230 | E10: 1 | I10: 44743 | K10: 0 | L10: 3 | Q10: Серьезные поломки: | R10: =SUM(G139:G146) -> 9
B11: нет | C11: 9 | D11: B7NS4231 | E11: 1 | I11: 44743 | K11: 0 | L11: 11 | P11: Парусная | Q11: Кнопки и прочие мелочи: | R11: =SUM(F147:F150) -> 1
B12: нет | C12: 10 | D12: B7NS4232 | E12: 1 | I12: 44743 | K12: 0 | L12: 11 | Q12: Серьезные поломки: | R12: =SUM(G147:G150) -> 2
B13: нет | C13: 11 | D13: B7NS4233 | E13: 1 | I13: 44743 | K13: 1 | L13: 13 | P13: Пульсар | Q13: Кнопки и прочие мелочи: | R13: =SUM(F3:F15) -> 0
B14: нет | C14: 12 | D14: B7NS4234 | E14: 1 | I14: 44743 | K14: 0 | L14: 2 | Q14: Серьезные поломки: | R14: =SUM(G3:G15) -> 1
B15: нет | C15: 13 | D15: B7NS4235 | E15: 1 | I15: 44743 | K15: 0 | L15: 2
A16: Дельта Сириус | B16: нет | C16: 1 | D16: 20110288-1 | E16: 1 | F16: 1 | G16: 2 | I16: 44743 | J16: 44467 | K16: 0 | L16: 9 | Q16: Расходники | R16: =SUM(R3,R5,R7,R9,R11,R13) -> 48
B17: нет | C17: 2 | D17: 20110288-2 | E17: 1 | I17: 44743 | J17: 44467 | K17: 0 | L17: 9 | Q17: Серьезные поломки | R17: =SUM(R4,R6,R8,R10,R12,R14) -> 59
B18: нет | C18: 3 | D18: 20110288-3 | E18: 1 | G18: 11 | I18: 44743 | J18: 44467 | K18: 0 | L18: 9 | Q18: Итого | R18: =SUM(R16,R17) -> 107
B19: нет | C19: 4 | D19: 20110288-4 | E19: 1 | G19: 1 | I19: 44743 | J19: 44467 | K19: 1 | L19: 9
B20: нет | C20: 5 | D20: 20110288-5 | E20: 1 | G20: 1 | I20: 44743 | J20: 44467 | K20: 1 | L20: 9
B21: нет | C21: 6 | D21: 20110288-6 | E21: 1 | F21: 1 | I21: 44743 | J21: 44467 | K21: 1 | L21: 10
B22: нет | C22: 7 | D22: 20110288-7 | E22: 1 | G22: 7 | I22: 44743 | J22: 44467 | K22: 1 | L22: 10
B23: нет | C23: 8 | D23: 20110288-8 | E23: 1 | F23: 1 | I23: 44743 | J23: 44467 | K23: 0 | L23: 3
B24: нет | C24: 9 | D24: 20110288-9 | E24: 1 | G24: 4 | I24: 44743 | J24: 44467 | K24: 0 | L24: 3
A25: Гамма Сириус | B25: 1\1 | C25: 1 | D25: B7NS3809 | E25: 1 | I25: 44743 | J25: 44538 | K25: 0 | L25: 5
B26: 1\2 | C26: 2 | D26: 708509 | E26: 1 | I26: 44743 | J26: 44538 | K26: 0 | L26: 5
B27: 1\2 | C27: 3 | D27: 708511 | E27: 1 | I27: 44743 | J27: 44538 | K27: 0 | L27: 5
B28: 1\3 | C28: 4 | D28: B7NS3791 | E28: 1 | I28: 44743 | J28: 44538 | K28: 0 | L28: 5
B29: 1\4 | C29: 5 | D29: B7NS3799 | E29: 1 | F29: 2 | I29: 44743 | J29: 44538 | K29: 0 | L29: 5
B30: 1\4 | C30: 6 | D30: B7NS3806 | E30: 1 | I30: 44743 | J30: 44538 | K30: 0 | L30: 5
B31: 1\5 | C31: 7 | D31: B7NS3807 | E31: 1 | I31: 44743 | J31: 44538 | K31: 0 | L31: 5
B32: 8\1 | C32: 1 | D32: B7NS3792 | E32: 1 | G32: 1 | I32: 44743 | J32: 44538 | K32: 0 | L32: 5
B33: 8\2 | C33: 2 | D33: B7NS3804 | E33: 1 | F33: 1 | I33: 44743 | J33: 44538 | K33: 0 | L33: 5
B34: 8\3 | C34: 3 | D34: B7NS3794 | E34: 1 | I34: 44743 | J34: 44538 | K34: 0 | L34: 5
B35: 8\4 | C35: 4 | D35: B7NS3795 | E35: 1 | F35: 2 | I35: 44743 | J35: 44538 | K35: 0 | L35: 5
B36: 9\1 | C36: 1 | D36: B7NS3812 | E36: 1 | G36: 1 | I36: 44743 | J36: 44538 | K36: 0 | L36: 5
B37: 9\2 | C37: 2 | D37: B79S3811 | E37: 1 | F37: 1 | G37: 1 | I37: 44743 | J37: 44538 | K37: 0 | L37: 5
B38: 9\3 | C38: 3 | D38: B7NS3810 | E38: 1 | F38: 3 | G38: 1 | I38: 44743 | J38: 44538 | K38: 0 | L38: 5
B39: 9\4 | C39: 4 | D39: B7NS3808 | E39: 1 | I39: 44743 | J39: 44538 | K39: 0 | L39: 5
B40: 10\1 | C40: 1 | D40: B7NS3801 | E40: 1 | G40: 1 | I40: 44743 | J40: 44538 | K40: 0 | L40: 5
B41: 10\2 | C41: 2 | D41: B7NS3802 | E41: 1 | G41: 1 | I41: 44743 | J41: 44538 | K41: 0 | L41: 5
B42: 10\3 | C42: 3 | D42: B7NS3803 | E42: 1 | G42: 1 | I42: 44743 | J42: 44538 | K42: 0 | L42: 5
B43: 10\4 | C43: 4 | D43: B7NS3821 | E43: 1 | I43: 44743 | J43: 44538 | K43: 0 | L43: 5
B44: 10\5 | C44: 5 | D44: B7NS3805 | E44: 1 | I44: 44743 | J44: 44538 | K44: 0 | L44: 5
B45: 11\1 | C45: 1 | D45: B7NS3818 | E45: 1 | F45: 1 | I45: 44743 | J45: 44538 | K45: 0 | L45: 5
B46: 11\2 | C46: 2 | D46: B7NS3793 | E46: 1 | F46: 1 | I46: 44743 | J46: 44538 | K46: 0 | L46: 5
B47: 11\3 | C47: 3 | D47: B7NS3820 | E47: 1 | F47: 1 | I47: 44743 | J47: 44538 | K47: 0 | L47: 5
B48: 11\4 | C48: 4 | D48: B7NS3822 | E48: 1 | F48: 3 | I48: 44743 | J48: 44538 | K48: 0 | L48: 5
B49: 12\1 | C49: 1 | D49: B7NS3796 | E49: 1 | I49: 44743 | J49: 44538 | K49: 0 | L49: 5
B50: 12\2 | C50: 2 | D50: B7NS3797 | E50: 1 | F50: 1 | I50: 44743 | J50: 44538 | K50: 0 | L50: 5
B51: 12\3 | C51: 3 | D51: B7NS3798 | E51: 1 | I51: 44743 | J51: 44538 | K51: 0 | L51: 5
B52: 12\4 | C52: 4 | D52: B7NS3818 | E52: 1 | I52: 44743 | J52: 44538 | K52: 0 | L52: 5
B53: 14\1 | C53: 1 | D53: B7NS3787 | E53: 1 | F53: 2 | I53: 44743 | J53: 44538 | K53: 0 | L53: 5
B54: 15\1 | C54: 1 | D54: B7NS3885 | E54: 1 | G54: 1 | I54: 44743 | J54: 44538 | K54: 0 | L54: 5
B55: 16\1 | C55: 1 | D55: B7NS3786 | E55: 1 | I55: 44743 | J55: 44538 | K55: 0 | L55: 5
B56: 17\1 | C56: 1 | D56: B7NS3888 | E56: 1 | I56: 44743 | J56: 44538 | K56: 0 | L56: 5
B57: 18\1 | C57: 1 | D57: B7NS3789 | E57: 1 | F57: 1 | I57: 44743 | J57: 44538 | K57: 0 | L57: 5
B58: 19\1 | C58: 1 | D58: B7NS3790 | E58: 1 | F58: 2 | G58: 1 | I58: 44743 | J58: 44538 | K58: 0 | L58: 5
A59: Сигма А (38 шт.) | B59: 1\1 | C59: 1 | D59: B7NS3901 | E59: 1 | I59: 44743 | J59: 44575 | K59: 0 | L59: 5
B60: 1\2 | C60: 2 | D60: B7NS3902 | E60: 1 | I60: 44743 | J60: 44575 | K60: 0 | L60: 5
B61: 1\3 | C61: 3 | D61: B7NS3903 | E61: 1 | I61: 44743 | J61: 44575 | K61: 0 | L61: 5
B62: 1\4 | C62: 4 | D62: B7NS3904 | E62: 1 | I62: 44743 | J62: 44575 | K62: 0 | L62: 5
B63: 3\1 | C63: 1 | D63: B7NS3961 | E63: 1 | I63: 44743 | J63: 44575 | K63: 0 | L63: 5
B64: 3\2 | C64: 2 | D64: B7NS3963 | E64: 1 | I64: 44743 | J64: 44575 | K64: 0 | L64: 5
B65: 3\3 | C65: 3 | D65: B7NS3951 | E65: 1 | I65: 44743 | J65: 44575 | K65: 0 | L65: 5
B66: 3\4 | C66: 4 | D66: B7NS3960 | E66: 1 | I66: 44743 | J66: 44575 | K66: 0 | L66: 5
B67: 3\5 | C67: 5 | D67: B7NS3965 | E67: 1 | I67: 44743 | J67: 44575 | K67: 0 | L67: 5
B68: 4\1 | C68: 1 | D68: B7NS3964 | E68: 1 | I68: 44743 | J68: 44575 | K68: 0 | L68: 5
B69: 4\2 | C69: 2 | D69: B7NS3966 | E69: 1 | I69: 44743 | J69: 44575 | K69: 0 | L69: 5
B70: 4\3 | C70: 3 | D70: B7NS3962 | E70: 1 | I70: 44743 | J70: 44575 | K70: 0 | L70: 5
B71: 5\1 | C71: 1 | D71: B7NS3919 | E71: 1 | I71: 44743 | J71: 44575 | K71: 0 | L71: 5
B72: 5\2 | C72: 2 | D72: B7NS3918 | E72: 1 | I72: 44743 | J72: 44575 | K72: 0 | L72: 5
B73: 5\2 | C73: 3 | D73: 708514 | E73: 1 | G73: 1 | I73: 44743 | J73: 44575 | K73: 0 | L73: 5
B74: 5\3 | C74: 4 | D74: B7NS3917 | E74: 1 | I74: 44743 | J74: 44575 | K74: 0 | L74: 5
B75: 5\4 | C75: 5 | D75: B7NS3920 | E75: 1 | G75: 3 | I75: 44743 | J75: 44575 | K75: 0 | L75: 5
B76: 5\4 | C76: 6 | D76: 708513 | E76: 1 | I76: 44743 | J76: 44575 | K76: 0 | L76: 5
B77: 5\5 | C77: 7 | D77: B7NS3921 | E77: 1 | I77: 44743 | J77: 44575 | K77: 0 | L77: 5
B78: 6\1 | C78: 1 | D78: B7NS3922 | E78: 1 | G78: 1 | I78: 44743 | J78: 44575 | K78: 0 | L78: 5
B79: 6\2 | C79: 2 | D79: B7NS3923 | E79: 1 | F79: 2 | I79: 44743 | J79: 44575 | K79: 0 | L79: 5
B80: 6\3 | C80: 3 | D80: B7NS3924 | E80: 1 | I80: 44743 | J80: 44575 | K80: 0 | L80: 5
B81: 7\1 | C81: 1 | D81: B7NS3927 | E81: 1 | I81: 44743 | J81: 44575 | K81: 0 | L81: 5
B82: 7\2 | C82: 2 | D82: B7NS3928 | E82: 1 | I82: 44743 | J82: 44575 | K82: 0 | L82: 5
B83: 7\3 | C83: 3 | D83: B7NS3954 | E83: 1 | G83: 1 | I83: 44743 | J83: 44575 | K83: 0 | L83: 5
B84: 7\4 | C84: 4 | D84: B7NS3955 | E84: 1 | I84: 44743 | J84: 44575 | K84: 0 | L84: 5
B85: 8\1 | C85: 1 | D85: B7NS3929 | E85: 1 | I85: 44743 | J85: 44575 | K85: 0 | L85: 5
B86: 8\2 | C86: 2 | D86: B7NS3930 | E86: 1 | I86: 44743 | J86: 44575 | K86: 0 | L86: 5
B87: 8\3 | C87: 3 | D87: B7NS3931 | E87: 1 | I87: 44743 | J87: 44575 | K87: 0 | L87: 5
B88: 8\4 | C88: 4 | D88: B7NS3932 | E88: 1 | I88: 44743 | J88: 44575 | K88: 0 | L88: 5
B89: 9\1 | C89: 1 | D89: B7NS3933 | E89: 1 | I89: 44743 | J89: 44575 | K89: 0 | L89: 5
B90: 9\2 | C90: 2 | D90: B7NS3934 | E90: 1 | I90: 44743 | J90: 44575 | K90: 0 | L90: 5
B91: 9\3 | C91: 3 | D91: B7NS3935 | E91: 1 | I91: 44743 | J91: 44575 | K91: 0 | L91: 5
B92: 9\4 | C92: 4 | D92: B7NS3936 | E92: 1 | I92: 44743 | J92: 44575 | K92: 0 | L92: 5
B93: 9\5 | C93: 5 | D93: B7NS3937 | E93: 1 | I93: 44743 | J93: 44575 | K93: 0 | L93: 5
B94: 10\1 | C94: 1 | D94: B7NS3938 | E94: 1 | I94: 44743 | J94: 44575 | K94: 0 | L94: 5
B95: 10\2 | C95: 2 | D95: B7NS3939 | E95: 1 | F95: 1 | I95: 44743 | J95: 44575 | K95: 0 | L95: 5
B96: 10\3 | C96: 3 | D96: B7NS3940 | E96: 1 | F96: 1 | I96: 44743 | J96: 44575 | K96: 0 | L96: 5
A97: Сигма Б(28 шт),В(8 шт.) | B97: 11\1 | C97: 1 | D97: 707362 | E97: 0 | I97: 44743 | J97: 44575 | K97: 0 | L97: 5
B98: 11\2 | C98: 2 | D98: 707388 | E98: 0 | I98: 44743 | J98: 44575 | K98: 0 | L98: 5
B99: 11\3 | C99: 3 | D99: 707389 | E99: 0 | I99: 44743 | J99: 44575 | K99: 0 | L99: 5
B100: 11\4 | C100: 4 | D100: 707390 | E100: 0 | I100: 44743 | J100: 44575 | K100: 0 | L100: 5
...

Sheet Июнь 2021
A1: Сводная таблица всех лифтов Департамента управления гостиницами
A2: Название Объекта | B2: Номер корпуса\секции | C2: Номер лифта (порядковый) | D2: Номер лифта(заводской) | E2: В Работе\отключен | F2: Количество поломок зависящих от нас | G2: Количество поломок не зависящих от нас | H2: Краткое описание проблем | I2: Дата ближайшего тех.освидетельствования | J2: Дата окончания страховки | K2: Лифт для ППП | L2: Кол-во остановок
A3: Дельта Сириус | B3: нет | C3: 1 | D3: 20110288-1 | E3: 1 | I3: 44385 | J3: 44467 | K3: 0 | L3: 9
B4: нет | C4: 2 | D4: 20110288-2 | E4: 1 | I4: 44385 | J4: 44467 | K4: 0 | L4: 9
B5: нет | C5: 3 | D5: 20110288-3 | E5: 1 | F5: 15 | G5: 1 | H5: регулировка дш | I5: 44385 | J5: 44467 | K5: 0 | L5: 9
B6: нет | C6: 4 | D6: 20110288-4 | E6: 1 | G6: 2 | H6: сброс ошибки | I6: 44385 | J6: 44467 | K6: 1 | L6: 9
B7: нет | C7: 5 | D7: 20110288-5 | E7: 1 | G7: 1 | H7: сброс ошибки | I7: 44385 | J7: 44467 | K7: 1 | L7: 9
B8: нет | C8: 6 | D8: 20110288-6 | E8: 1 | G8: 3 | H8: замена кнопки | I8: 44385 | J8: 44467 | K8: 1 | L8: 10
B9: нет | C9: 7 | D9: 20110288-7 | E9: 1 | F9: 9 | H9: регулировка дш | I9: 44385 | J9: 44467 | K9: 1 | L9: 10
B10: нет | C10: 8 | D10: 20110288-8 | E10: 1 | G10: 3 | H10: сброс ошибки | I10: 44385 | J10: 44467 | K10: 0 | L10: 3
B11: нет | C11: 9 | D11: 20110288-9 | E11: 0 | I11: 44385 | J11: 44467 | K11: 0 | L11: 3
A12: Гамма Сириус | B12: 1\1 | C12: 1 | D12: B7NS3809 | E12: 1 | I12: 44380 | J12: 44538 | K12: 0 | L12: 5
B13: 1\2 | C13: 2 | D13: 708509 | E13: 1 | G13: 1 | H13: замена кнопки | I13: 44380 | J13: 44538 | K13: 0 | L13: 5
B14: 1\2 | C14: 3 | D14: 708511 | E14: 1 | I14: 44380 | J14: 44538 | K14: 0 | L14: 5
B15: 1\3 | C15: 4 | D15: B7NS3791 | E15: 0 | G15: 1 | H15: замена кнопки | I15: 44380 | J15: 44538 | K15: 0 | L15: 5
B16: 1\4 | C16: 5 | D16: B7NS3799 | E16: 1 | I16: 44380 | J16: 44538 | K16: 0 | L16: 5
B17: 1\4 | C17: 6 | D17: B7NS3806 | E17: 1 | I17: 44380 | J17: 44538 | K17: 0 | L17: 5
B18: 1\5 | C18: 7 | D18: B7NS3807 | E18: 1 | I18: 44380 | J18: 44538 | K18: 0 | L18: 5
B19: 8\1 | C19: 1 | D19: B7NS3792 | E19: 1 | G19: 2 | H19: замена кнопки | I19: 44380 | J19: 44538 | K19: 0 | L19: 5
B20: 8\2 | C20: 2 | D20: B7NS3804 | E20: 1 | I20: 44380 | J20: 44538 | K20: 0 | L20: 5
B21: 8\3 | C21: 3 | D21: B7NS3794 | E21: 1 | I21: 44380 | J21: 44538 | K21: 0 | L21: 5
B22: 8\4 | C22: 4 | D22: B7NS3795 | E22: 1 | I22: 44380 | J22: 44538 | K22: 0 | L22: 5
B23: 9\1 | C23: 1 | D23: B7NS3812 | E23: 1 | G23: 1 | H23: замена кнопки | I23: 44380 | J23: 44538 | K23: 0 | L23: 5
B24: 9\2 | C24: 2 | D24: B79S3811 | E24: 1 | G24: 1 | H24: сброс ошибки | I24: 44380 | J24: 44538 | K24: 0 | L24: 5
B25: 9\3 | C25: 3 | D25: B7NS3810 | E25: 1 | G25: 1 | H25: замена кнопки | I25: 44380 | J25: 44538 | K25: 0 | L25: 5
B26: 9\4 | C26: 4 | D26: B7NS3808 | E26: 1 | G26: 1 | H26: сброс ошибки | I26: 44380 | J26: 44538 | K26: 0 | L26: 5
B27: 10\1 | C27: 1 | D27: B7NS3801 | E27: 1 | I27: 44380 | J27: 44538 | K27: 0 | L27: 5
B28: 10\2 | C28: 2 | D28: B7NS3802 | E28: 1 | I28: 44380 | J28: 44538 | K28: 0 | L28: 5
B29: 10\3 | C29: 3 | D29: B7NS3803 | E29: 1 | G29: 4 | H29: сброс ошибки | I29: 44380 | J29: 44538 | K29: 0 | L29: 5
B30: 10\4 | C30: 4 | D30: B7NS3821 | E30: 1 | I30: 44380 | J30: 44538 | K30: 0 | L30: 5
B31: 10\5 | C31: 5 | D31: B7NS3805 | E31: 1 | G31: 1 | H31: замена кнопки | I31: 44380 | J31: 44538 | K31: 0 | L31: 5
B32: 11\1 | C32: 1 | D32: B7NS3818 | E32: 1 | G32: 1 | H32: замена кнопки | I32: 44380 | J32: 44538 | K32: 0 | L32: 5
B33: 11\2 | C33: 2 | D33: B7NS3793 | E33: 1 | G33: 2 | H33: замена кнопки | I33: 44380 | J33: 44538 | K33: 0 | L33: 5
B34: 11\3 | C34: 3 | D34: B7NS3820 | E34: 1 | I34: 44380 | J34: 44538 | K34: 0 | L34: 5
B35: 11\4 | C35: 4 | D35: B7NS3822 | E35: 1 | I35: 44380 | J35: 44538 | K35: 0 | L35: 5
B36: 12\1 | C36: 1 | D36: B7NS3796 | E36: 1 | I36: 44380 | J36: 44538 | K36: 0 | L36: 5
B37: 12\2 | C37: 2 | D37: B7NS3797 | E37: 1 | G37: 3 | H37: сброс ошибки | I37: 44380 | J37: 44538 | K37: 0 | L37: 5
B38: 12\3 | C38: 3 | D38: B7NS3798 | E38: 1 | I38: 44380 | J38: 44538 | K38: 0 | L38: 5
B39: 12\4 | C39: 4 | D39: B7NS3818 | E39: 1 | G39: 4 | H39: замена кнопки | I39: 44380 | J39: 44538 | K39: 0 | L39: 5
B40: 14\1 | C40: 1 | D40: B7NS3787 | E40: 1 | I40: 44380 | J40: 44538 | K40: 0 | L40: 5
B41: 15\1 | C41: 1 | D41: B7NS3885 | E41: 1 | G41: 3 | H41: замена кнопки | I41: 44380 | J41: 44538 | K41: 0 | L41: 5
B42: 16\1 | C42: 1 | D42: B7NS3786 | E42: 1 | G42: 2 | I42: 44380 | J42: 44538 | K42: 0 | L42: 5
B43: 17\1 | C43: 1 | D43: B7NS3888 | E43: 1 | I43: 44380 | J43: 44538 | K43: 0 | L43: 5
B44: 18\1 | C44: 1 | D44: B7NS3789 | E44: 1 | G44: 9 | H44: сброс ошибки | I44: 44380 | J44: 44538 | K44: 0 | L44: 5
B45: 19\1 | C45: 1 | D45: B7NS3790 | E45: 1 | G45: 3 | H45: сброс ошибки | I45: 44380 | J45: 44538 | K45: 0 | L45: 5
A46: Сигма А | B46: 1\1 | C46: 1 | D46: B7NS3901 | E46: 1 | I46: 44385 | J46: 44575 | K46: 0 | L46: 5
B47: 1\2 | C47: 2 | D47: B7NS3902 | E47: 1 | I47: 44385 | J47: 44575 | K47: 0 | L47: 5
B48: 1\3 | C48: 3 | D48: B7NS3903 | E48: 1 | I48: 44385 | J48: 44575 | K48: 0 | L48: 5
B49: 1\4 | C49: 4 | D49: B7NS3904 | E49: 1 | I49: 44385 | J49: 44575 | K49: 0 | L49: 5
B50: 3\1 | C50: 1 | D50: B7NS3961 | E50: 1 | I50: 44385 | J50: 44575 | K50: 0 | L50: 5
B51: 3\2 | C51: 2 | D51: B7NS3963 | E51: 1 | I51: 44385 | J51: 44575 | K51: 0 | L51: 5
B52: 3\3 | C52: 3 | D52: B7NS3951 | E52: 1 | I52: 44385 | J52: 44575 | K52: 0 | L52: 5
B53: 3\4 | C53: 4 | D53: B7NS3960 | E53: 1 | I53: 44385 | J53: 44575 | K53: 0 | L53: 5
B54: 3\5 | C54: 5 | D54: B7NS3965 | E54: 1 | I54: 08.0702021 | J54: 44575 | K54: 0 | L54: 5
B55: 4\1 | C55: 1 | D55: B7NS3964 | E55: 1 | I55: 44385 | J55: 44575 | K55: 0 | L55: 5
B56: 4\2 | C56: 2 | D56: B7NS3966 | E56: 1 | G56: 2 | H56: сброс ошибки | I56: 44385 | J56: 44575 | K56: 0 | L56: 5
B57: 4\3 | C57: 3 | D57: B7NS3962 | E57: 1 | I57: 44385 | J57: 44575 | K57: 0 | L57: 5
B58: 5\1 | C58: 1 | D58: B7NS3919 | E58: 1 | I58: 44385 | J58: 44575 | K58: 0 | L58: 5
B59: 5\2 | C59: 2 | D59: B7NS3918 | E59: 1 | I59: 44385 | J59: 44575 | K59: 0 | L59: 5
B60: 5\2 | C60: 3 | D60: 708514 | E60: 1 | I60: 44385 | J60: 44575 | K60: 0 | L60: 5
B61: 5\3 | C61: 4 | D61: B7NS3917 | E61: 1 | I61: 44385 | J61: 44575 | K61: 0 | L61: 5
B62: 5\4 | C62: 5 | D62: B7NS3920 | E62: 1 | I62: 44385 | J62: 44575 | K62: 0 | L62: 5
B63: 5\4 | C63: 6 | D63: 708513 | E63: 1 | I63: 44385 | J63: 44575 | K63: 0 | L63: 5
B64: 5\5 | C64: 7 | D64: B7NS3921 | E64: 1 | I64: 44385 | J64: 44575 | K64: 0 | L64: 5
B65: 6\1 | C65: 1 | D65: B7NS3922 | E65: 1 | I65: 44385 | J65: 44575 | K65: 0 | L65: 5
B66: 6\2 | C66: 2 | D66: B7NS3923 | E66: 1 | I66: 44385 | J66: 44575 | K66: 0 | L66: 5
B67: 6\3 | C67: 3 | D67: B7NS3924 | E67: 1 | I67: 44385 | J67: 44575 | K67: 0 | L67: 5
B68: 7\1 | C68: 1 | D68: B7NS3927 | E68: 1 | G68: 1 | H68: сброс ошибки | I68: 44385 | J68: 44575 | K68: 0 | L68: 5
B69: 7\2 | C69: 2 | D69: B7NS3928 | E69: 1 | I69: 44385 | J69: 44575 | K69: 0 | L69: 5
B70: 7\3 | C70: 3 | D70: B7NS3954 | E70: 1 | I70: 44385 | J70: 44575 | K70: 0 | L70: 5
B71: 7\4 | C71: 4 | D71: B7NS3955 | E71: 1 | G71: 1 | H71: сброс ошибки | I71: 44385 | J71: 44575 | K71: 0 | L71: 5
B72: 8\1 | C72: 1 | D72: B7NS3929 | E72: 1 | I72: 44385 | J72: 44575 | K72: 0 | L72: 5
B73: 8\2 | C73: 2 | D73: B7NS3930 | E73: 1 | I73: 44385 | J73: 44575 | K73: 0 | L73: 5
B74: 8\3 | C74: 3 | D74: B7NS3931 | E74: 1 | G74: 1 | H74: сброс ошибки | I74: 44385 | J74: 44575 | K74: 0 | L74: 5
B75: 8\4 | C75: 4 | D75: B7NS3932 | E75: 1 | I75: 44385 | J75: 44575 | K75: 0 | L75: 5
B76: 9\1 | C76: 1 | D76: B7NS3933 | E76: 1 | I76: 44385 | J76: 44575 | K76: 0 | L76: 5
B77: 9\2 | C77: 2 | D77: B7NS3934 | E77: 1 | I77: 44385 | J77: 44575 | K77: 0 | L77: 5
B78: 9\3 | C78: 3 | D78: B7NS3935 | E78: 1 | I78: 44385 | J78: 44575 | K78: 0 | L78: 5
B79: 9\4 | C79: 4 | D79: B7NS3936 | E79: 1 | I79: 44385 | J79: 44575 | K79: 0 | L79: 5
B80: 9\5 | C80: 5 | D80: B7NS3937 | E80: 1 | G80: 1 | H80: сброс ошибки | I80: 44385 | J80: 44575 | K80: 0 | L80: 5
B81: 10\1 | C81: 1 | D81: B7NS3938 | E81: 1 | G81: 4 | H81: сброс ошибки | I81: 44385 | J81: 44575 | K81: 0 | L81: 5
B82: 10\2 | C82: 2 | D82: B7NS3939 | E82: 1 | I82: 44385 | J82: 44575 | K82: 0 | L82: 5
B83: 10\3 | C83: 3 | D83: B7NS3940 | E83: 1 | G83: 1 | H83: сброс ошибки | I83: 44385 | J83: 44575 | K83: 0 | L83: 5
A84: Сигма Б,В | B84: 11\1 | C84: 1 | D84: 707362 | E84: 0 | I84: 44385 | J84: 44575 | K84: 0 | L84: 5
B85: 11\2 | C85: 2 | D85: 707388 | E85: 0 | I85: 44385 | J85: 44575 | K85: 0 | L85: 5
B86: 11\3 | C86: 3 | D86: 707389 | E86: 0 | I86: 44385 | J86: 44575 | K86: 0 | L86: 5
B87: 11\4 | C87: 4 | D87: 707390 | E87: 0 | I87: 44385 | J87: 44575 | K87: 0 | L87: 5
B88: 11\5 | C88: 5 | D88: 707391 | E88: 0 | I88: 44385 | J88: 44575 | K88: 0 | L88: 5
B89: 12\1 | C89: 1 | D89: B7NS3941 | E89: 1 | I89: 44385 | J89: 44575 | K89: 0 | L89: 5
B90: 12\2 | C90: 2 | D90: B7NS3942 | E90: 1 | G90: 1 | H90: замена кнопки | I90: 44385 | J90: 44575 | K90: 0 | L90: 5
B91: 12\3 | C91: 3 | D91: B7NS3943 | E91: 1 | I91: 44385 | J91: 44575 | K91: 0 | L91: 5
B92: 12\4 | C92: 4 | D92: B7NS3944 | E92: 1 | I92: 44385 | J92: 44575 | K92: 0 | L92: 5
B93: 13\1 | C93: 1 | D93: B7NS3926 | E93: 1 | I93: 44385 | J93: 44575 | K93: 0 | L93: 5
B94: 13\2 | C94: 2 | D94: B7NS3911 | E94: 1 | I94: 44385 | J94: 44575 | K94: 0 | L94: 5
B95: 13\3 | C95: 3 | D95: B7NS3913 | E95: 1 | G95: 2 | H95: сброс ошибки | I95: 44385 | J95: 44575 | K95: 0 | L95: 5
B96: 13\4 | C96: 4 | D96: B7NS3914 | E96: 1 | G96: 1 | H96: замена кнопки | I96: 44385 | J96: 44575 | K96: 0 | L96: 5
B97: 14\1 | C97: 1 | D97: B7NS3910 | E97: 1 | G97: 1 | H97: замена кнопки | I97: 44385 | J97: 44575 | K97: 0 | L97: 5
B98: 14\2 | C98: 2 | D98: B7NS3908 | E98: 1 | G98: 1 | H98: сброс ошибки | I98: 44385 | J98: 44575 | K98: 0 | L98: 5
B99: 14\3 | C99: 3 | D99: B7NS3905 | E99: 1 | G99: 1 | H99: замена кнопки | I99: 44385 | J99: 44575 | K99: 0 | L99: 5
B100: 14\4 | C100: 4 | D100: B7NS3906 | E100: 1 | G100: 8 | H100: замена кнопки | I100: 44385 | J100: 44575 | K100: 0 | L100: 5
...

Sheet Июль 2021
A1: Сводная таблица всех лифтов Департамента управления гостиницами
A2: Название Объекта | B2: Номер корпуса\секции | C2: Номер лифта (порядковый) | D2: Номер лифта(заводской) | E2: В Работе\отключен | F2: Количество поломок зависящих от нас | G2: Количество поломок не зависящих от нас | H2: Краткое описание проблем | I2: Дата ближайшего тех.освидетельствования | J2: Дата окончания страховки | K2: Лифт для ППП | L2: Кол-во остановок
A3: Дельта Сириус | B3: нет | C3: 1 | D3: 20110288-1 | E3: 1 | I3: 44385 | J3: 44467 | K3: 0 | L3: 9
B4: нет | C4: 2 | D4: 20110288-2 | E4: 1 | G4: 1 | H4: сброс ошибок | I4: 44385 | J4: 44467 | K4: 0 | L4: 9
B5: нет | C5: 3 | D5: 20110288-3 | E5: 1 | G5: 6 | H5: сброс ошибок | I5: 44385 | J5: 44467 | K5: 0 | L5: 9
B6: нет | C6: 4 | D6: 20110288-4 | E6: 1 | G6: 1 | H6: сброс ошибок | I6: 44385 | J6: 44467 | K6: 1 | L6: 9
B7: нет | C7: 5 | D7: 20110288-5 | E7: 1 | I7: 44385 | J7: 44467 | K7: 1 | L7: 9
B8: нет | C8: 6 | D8: 20110288-6 | E8: 1 | I8: 44385 | J8: 44467 | K8: 1 | L8: 10
B9: нет | C9: 7 | D9: 20110288-7 | E9: 1 | I9: 44385 | J9: 44467 | K9: 1 | L9: 10
B10: нет | C10: 8 | D10: 20110288-8 | E10: 1 | I10: 44385 | J10: 44467 | K10: 0 | L10: 3
B11: нет | C11: 9 | D11: 20110288-9 | E11: 0 | I11: 44385 | J11: 44467 | K11: 0 | L11: 3
A12: Гамма Сириус | B12: 1\1 | C12: 1 | D12: B7NS3809 | E12: 1 | G12: 1 | H12: сброс ошибок | I12: 44380 | J12: 44538 | K12: 0 | L12: 5
B13: 1\2 | C13: 2 | D13: 708509 | E13: 1 | I13: 44380 | J13: 44538 | K13: 0 | L13: 5
B14: 1\2 | C14: 3 | D14: 708511 | E14: 1 | G14: 1 | H14: замена кнопки | I14: 44380 | J14: 44538 | K14: 0 | L14: 5
B15: 1\3 | C15: 4 | D15: B7NS3791 | E15: 0 | G15: 1 | H15: сброс ошибок | I15: 44380 | J15: 44538 | K15: 0 | L15: 5
B16: 1\4 | C16: 5 | D16: B7NS3799 | E16: 1 | I16: 44380 | J16: 44538 | K16: 0 | L16: 5
B17: 1\4 | C17: 6 | D17: B7NS3806 | E17: 1 | I17: 44380 | J17: 44538 | K17: 0 | L17: 5
B18: 1\5 | C18: 7 | D18: B7NS3807 | E18: 1 | I18: 44380 | J18: 44538 | K18: 0 | L18: 5
B19: 8\1 | C19: 1 | D19: B7NS3792 | E19: 1 | I19: 44380 | J19: 44538 | K19: 0 | L19: 5
B20: 8\2 | C20: 2 | D20: B7NS3804 | E20: 1 | G20: 1 | H20: сброс ошибок | I20: 44380 | J20: 44538 | K20: 0 | L20: 5
B21: 8\3 | C21: 3 | D21: B7NS3794 | E21: 1 | I21: 44380 | J21: 44538 | K21: 0 | L21: 5
B22: 8\4 | C22: 4 | D22: B7NS3795 | E22: 1 | G22: 1 | H22: замена кнопки | I22: 44380 | J22: 44538 | K22: 0 | L22: 5
B23: 9\1 | C23: 1 | D23: B7NS3812 | E23: 1 | I23: 44380 | J23: 44538 | K23: 0 | L23: 5
B24: 9\2 | C24: 2 | D24: B79S3811 | E24: 1 | I24: 44380 | J24: 44538 | K24: 0 | L24: 5
B25: 9\3 | C25: 3 | D25: B7NS3810 | E25: 1 | G25: 1 | H25: замена кнопки | I25: 44380 | J25: 44538 | K25: 0 | L25: 5
B26: 9\4 | C26: 4 | D26: B7NS3808 | E26: 1 | G26: 1 | H26: сброс ошибок | I26: 44380 | J26: 44538 | K26: 0 | L26: 5
B27: 10\1 | C27: 1 | D27: B7NS3801 | E27: 1 | G27: 1 | H27: замена кнопки | I27: 44380 | J27: 44538 | K27: 0 | L27: 5
B28: 10\2 | C28: 2 | D28: B7NS3802 | E28: 1 | G28: 4 | H28: сброс ошибок | I28: 44380 | J28: 44538 | K28: 0 | L28: 5
B29: 10\3 | C29: 3 | D29: B7NS3803 | E29: 1 | G29: 3 | H29: сброс ошибок | I29: 44380 | J29: 44538 | K29: 0 | L29: 5
B30: 10\4 | C30: 4 | D30: B7NS3821 | E30: 1 | G30: 1 | H30: сброс ошибок | I30: 44380 | J30: 44538 | K30: 0 | L30: 5
B31: 10\5 | C31: 5 | D31: B7NS3805 | E31: 1 | I31: 44380 | J31: 44538 | K31: 0 | L31: 5
B32: 11\1 | C32: 1 | D32: B7NS3818 | E32: 1 | I32: 44380 | J32: 44538 | K32: 0 | L32: 5
B33: 11\2 | C33: 2 | D33: B7NS3793 | E33: 1 | I33: 44380 | J33: 44538 | K33: 0 | L33: 5
B34: 11\3 | C34: 3 | D34: B7NS3820 | E34: 1 | G34: 1 | H34: сброс ошибок | I34: 44380 | J34: 44538 | K34: 0 | L34: 5
B35: 11\4 | C35: 4 | D35: B7NS3822 | E35: 1 | I35: 44380 | J35: 44538 | K35: 0 | L35: 5
B36: 12\1 | C36: 1 | D36: B7NS3796 | E36: 1 | G36: 1 | H36: замена кнопки | I36: 44380 | J36: 44538 | K36: 0 | L36: 5
B37: 12\2 | C37: 2 | D37: B7NS3797 | E37: 1 | I37: 44380 | J37: 44538 | K37: 0 | L37: 5
B38: 12\3 | C38: 3 | D38: B7NS3798 | E38: 1 | I38: 44380 | J38: 44538 | K38: 0 | L38: 5
B39: 12\4 | C39: 4 | D39: B7NS3818 | E39: 1 | G39: 1 | H39: замена тросика | I39: 44380 | J39: 44538 | K39: 0 | L39: 5
B40: 14\1 | C40: 1 | D40: B7NS3787 | E40: 1 | I40: 44380 | J40: 44538 | K40: 0 | L40: 5
B41: 15\1 | C41: 1 | D41: B7NS3885 | E41: 1 | G41: 1 | H41: замена кнопки | I41: 44380 | J41: 44538 | K41: 0 | L41: 5
B42: 16\1 | C42: 1 | D42: B7NS3786 | E42: 1 | G42: 6 | H42: сброс ошибок | I42: 44380 | J42: 44538 | K42: 0 | L42: 5
B43: 17\1 | C43: 1 | D43: B7NS3888 | E43: 1 | G43: 1 | H43: сброс ошибок | I43: 44380 | J43: 44538 | K43: 0 | L43: 5
B44: 18\1 | C44: 1 | D44: B7NS3789 | E44: 1 | G44: 3 | H44: сброс ошибок | I44: 44380 | J44: 44538 | K44: 0 | L44: 5
B45: 19\1 | C45: 1 | D45: B7NS3790 | E45: 1 | G45: 7 | H45: сброс ошибок | I45: 44380 | J45: 44538 | K45: 0 | L45: 5
A46: Сигма А | B46: 1\1 | C46: 1 | D46: B7NS3901 | E46: 1 | I46: 44385 | J46: 44575 | K46: 0 | L46: 5
B47: 1\2 | C47: 2 | D47: B7NS3902 | E47: 1 | I47: 44385 | J47: 44575 | K47: 0 | L47: 5
B48: 1\3 | C48: 3 | D48: B7NS3903 | E48: 1 | I48: 44385 | J48: 44575 | K48: 0 | L48: 5
B49: 1\4 | C49: 4 | D49: B7NS3904 | E49: 1 | I49: 44385 | J49: 44575 | K49: 0 | L49: 5
B50: 3\1 | C50: 1 | D50: B7NS3961 | E50: 1 | I50: 44385 | J50: 44575 | K50: 0 | L50: 5
B51: 3\2 | C51: 2 | D51: B7NS3963 | E51: 1 | I51: 44385 | J51: 44575 | K51: 0 | L51: 5
B52: 3\3 | C52: 3 | D52: B7NS3951 | E52: 1 | I52: 44385 | J52: 44575 | K52: 0 | L52: 5
B53: 3\4 | C53: 4 | D53: B7NS3960 | E53: 1 | I53: 44385 | J53: 44575 | K53: 0 | L53: 5
B54: 3\5 | C54: 5 | D54: B7NS3965 | E54: 1 | I54: 08.0702021 | J54: 44575 | K54: 0 | L54: 5
B55: 4\1 | C55: 1 | D55: B7NS3964 | E55: 1 | I55: 44385 | J55: 44575 | K55: 0 | L55: 5
B56: 4\2 | C56: 2 | D56: B7NS3966 | E56: 1 | I56: 44385 | J56: 44575 | K56: 0 | L56: 5
B57: 4\3 | C57: 3 | D57: B7NS3962 | E57: 1 | I57: 44385 | J57: 44575 | K57: 0 | L57: 5
B58: 5\1 | C58: 1 | D58: B7NS3919 | E58: 1 | I58: 44385 | J58: 44575 | K58: 0 | L58: 5
B59: 5\2 | C59: 2 | D59: B7NS3918 | E59: 1 | I59: 44385 | J59: 44575 | K59: 0 | L59: 5
B60: 5\2 | C60: 3 | D60: 708514 | E60: 1 | I60: 44385 | J60: 44575 | K60: 0 | L60: 5
B61: 5\3 | C61: 4 | D61: B7NS3917 | E61: 1 | I61: 44385 | J61: 44575 | K61: 0 | L61: 5
B62: 5\4 | C62: 5 | D62: B7NS3920 | E62: 1 | I62: 44385 | J62: 44575 | K62: 0 | L62: 5
B63: 5\4 | C63: 6 | D63: 708513 | E63: 1 | I63: 44385 | J63: 44575 | K63: 0 | L63: 5
B64: 5\5 | C64: 7 | D64: B7NS3921 | E64: 1 | I64: 44385 | J64: 44575 | K64: 0 | L64: 5
B65: 6\1 | C65: 1 | D65: B7NS3922 | E65: 1 | I65: 44385 | J65: 44575 | K65: 0 | L65: 5
B66: 6\2 | C66: 2 | D66: B7NS3923 | E66: 1 | I66: 44385 | J66: 44575 | K66: 0 | L66: 5
B67: 6\3 | C67: 3 | D67: B7NS3924 | E67: 1 | I67: 44385 | J67: 44575 | K67: 0 | L67: 5
B68: 7\1 | C68: 1 | D68: B7NS3927 | E68: 1 | G68: 1 | H68: замена ламп | I68: 44385 | J68: 44575 | K68: 0 | L68: 5
B69: 7\2 | C69: 2 | D69: B7NS3928 | E69: 1 | I69: 44385 | J69: 44575 | K69: 0 | L69: 5
B70: 7\3 | C70: 3 | D70: B7NS3954 | E70: 1 | I70: 44385 | J70: 44575 | K70: 0 | L70: 5
B71: 7\4 | C71: 4 | D71: B7NS3955 | E71: 1 | G71: 1 | H71: сброс ошибок | I71: 44385 | J71: 44575 | K71: 0 | L71: 5
B72: 8\1 | C72: 1 | D72: B7NS3929 | E72: 1 | I72: 44385 | J72: 44575 | K72: 0 | L72: 5
B73: 8\2 | C73: 2 | D73: B7NS3930 | E73: 1 | I73: 44385 | J73: 44575 | K73: 0 | L73: 5
B74: 8\3 | C74: 3 | D74: B7NS3931 | E74: 1 | G74: 1 | H74: сброс ошибок | I74: 44385 | J74: 44575 | K74: 0 | L74: 5
B75: 8\4 | C75: 4 | D75: B7NS3932 | E75: 1 | G75: 1 | H75: замена тросика | I75: 44385 | J75: 44575 | K75: 0 | L75: 5
B76: 9\1 | C76: 1 | D76: B7NS3933 | E76: 1 | I76: 44385 | J76: 44575 | K76: 0 | L76: 5
B77: 9\2 | C77: 2 | D77: B7NS3934 | E77: 1 | G77: 2 | H77: сброс ошибок | I77: 44385 | J77: 44575 | K77: 0 | L77: 5
B78: 9\3 | C78: 3 | D78: B7NS3935 | E78: 1 | G78: 1 | H78: сброс ошибок | I78: 44385 | J78: 44575 | K78: 0 | L78: 5
B79: 9\4 | C79: 4 | D79: B7NS3936 | E79: 1 | I79: 44385 | J79: 44575 | K79: 0 | L79: 5
B80: 9\5 | C80: 5 | D80: B7NS3937 | E80: 1 | G80: 1 | H80: регулировка дверей | I80: 44385 | J80: 44575 | K80: 0 | L80: 5
B81: 10\1 | C81: 1 | D81: B7NS3938 | E81: 1 | I81: 44385 | J81: 44575 | K81: 0 | L81: 5
B82: 10\2 | C82: 2 | D82: B7NS3939 | E82: 1 | G82: 2 | H82: замена тросика | I82: 44385 | J82: 44575 | K82: 0 | L82: 5
B83: 10\3 | C83: 3 | D83: B7NS3940 | E83: 1 | G83: 2 | H83: сброс ошибок | I83: 44385 | J83: 44575 | K83: 0 | L83: 5
A84: Сигма Б,В | B84: 11\1 | C84: 1 | D84: 707362 | E84: 0 | I84: 44385 | J84: 44575 | K84: 0 | L84: 5
B85: 11\2 | C85: 2 | D85: 707388 | E85: 0 | I85: 44385 | J85: 44575 | K85: 0 | L85: 5
B86: 11\3 | C86: 3 | D86: 707389 | E86: 0 | I86: 44385 | J86: 44575 | K86: 0 | L86: 5
B87: 11\4 | C87: 4 | D87: 707390 | E87: 0 | I87: 44385 | J87: 44575 | K87: 0 | L87: 5
B88: 11\5 | C88: 5 | D88: 707391 | E88: 0 | I88: 44385 | J88: 44575 | K88: 0 | L88: 5
B89: 12\1 | C89: 1 | D89: B7NS3941 | E89: 1 | G89: 4 | H89: сброс ошибок | I89: 44385 | J89: 44575 | K89: 0 | L89: 5
B90: 12\2 | C90: 2 | D90: B7NS3942 | E90: 1 | I90: 44385 | J90: 44575 | K90: 0 | L90: 5
B91: 12\3 | C91: 3 | D91: B7NS3943 | E91: 1 | G91: 2 | H91: замена ламп | I91: 44385 | J91: 44575 | K91: 0 | L91: 5
B92: 12\4 | C92: 4 | D92: B7NS3944 | E92: 1 | I92: 44385 | J92: 44575 | K92: 0 | L92: 5
B93: 13\1 | C93: 1 | D93: B7NS3926 | E93: 1 | G93: 2 | H93: сброс ошибок | I93: 44385 | J93: 44575 | K93: 0 | L93: 5
B94: 13\2 | C94: 2 | D94: B7NS3911 | E94: 1 | I94: 44385 | J94: 44575 | K94: 0 | L94: 5
B95: 13\3 | C95: 3 | D95: B7NS3913 | E95: 1 | G95: 1 | H95: замена кнопки | I95: 44385 | J95: 44575 | K95: 0 | L95: 5
B96: 13\4 | C96: 4 | D96: B7NS3914 | E96: 1 | I96: 44385 | J96: 44575 | K96: 0 | L96: 5
B97: 14\1 | C97: 1 | D97: B7NS3910 | E97: 1 | G97: 2 | H97: сброс ошибок | I97: 44385 | J97: 44575 | K97: 0 | L97: 5
B98: 14\2 | C98: 2 | D98: B7NS3908 | E98: 1 | I98: 44385 | J98: 44575 | K98: 0 | L98: 5
B99: 14\3 | C99: 3 | D99: B7NS3905 | E99: 1 | I99: 44385 | J99: 44575 | K99: 0 | L99: 5
B100: 14\4 | C100: 4 | D100: B7NS3906 | E100: 1 | G100: 2 | H100: сброс ошибок | I100: 44385 | J100: 44575 | K100: 0 | L100: 5
...

Sheet Август 2021
A1: Сводная таблица всех лифтов Департамента управления гостиницами
A2: Название Объекта | B2: Номер корпуса\секции | C2: Номер лифта (порядковый) | D2: Номер лифта(заводской) | E2: В Работе\отключен | F2: Заявки по замене расходных материалов(кнопки, тросики, лампы) | G2: Заявки по застреваниям и поломкам лифтов | H2: Краткое описание проблем | I2: Дата ближайшего тех.освидетельствования | J2: Дата окончания страховки | K2: Лифт для ППП | L2: Кол-во остановок
A3: Пульсар | B3: нет | C3: 1 | E3: 1 | I3: 44743 | K3: 1 | L3: 13 | P3: Дельта | Q3: Кнопки и прочие мелочи: | R3: =SUM(F16:F24) -> 1
B4: нет | C4: 2 | E4: 1 | I4: 44743 | K4: 0 | L4: 12 | Q4: Серьезные поломки: | R4: =SUM(G16:G24) -> 5
B5: нет | C5: 3 | E5: 1 | I5: 44743 | K5: 0 | L5: 11 | P5: Гамма | Q5: Кнопки и прочие мелочи: | R5: =SUM(F25:F58) -> 8
B6: нет | C6: 4 | E6: 1 | I6: 44743 | K6: 0 | L6: 11 | Q6: Серьезные поломки: | R6: =SUM(G25:G58) -> 16
B7: нет | C7: 5 | E7: 0 | I7: 44743 | K7: 0 | L7: 12 | P7: Сигма | Q7: Кнопки и прочие мелочи: | R7: =SUM(F59:F138) -> 10
B8: нет | C8: 6 | E8: 1 | I8: 44743 | K8: 0 | L8: 3 | Q8: Серьезные поломки: | R8: =SUM(G59:G138) -> 7
B9: нет | C9: 7 | E9: 1 | I9: 44743 | K9: 0 | L9: 3 | P9: Омега | Q9: Кнопки и прочие мелочи: | R9: =SUM(F139:F146) -> 4
B10: нет | C10: 8 | E10: 1 | I10: 44743 | K10: 0 | L10: 3 | Q10: Серьезные поломки: | R10: =SUM(G139:G146) -> 2
B11: нет | C11: 9 | E11: 1 | I11: 44743 | K11: 0 | L11: 11 | P11: Парусная | Q11: Кнопки и прочие мелочи: | R11: =SUM(F147:F150) -> 1
B12: нет | C12: 10 | E12: 1 | I12: 44743 | K12: 0 | L12: 11 | Q12: Серьезные поломки: | R12: =SUM(G147:G150) -> 0
B13: нет | C13: 11 | E13: 1 | I13: 44743 | K13: 1 | L13: 13 | P13: Пульсар | Q13: Кнопки и прочие мелочи: | R13: =SUM(F3:F15) -> 0
B14: нет | C14: 12 | E14: 1 | I14: 44743 | K14: 0 | L14: 2 | Q14: Серьезные поломки: | R14: =SUM(G3:G15) -> 0
B15: нет | C15: 13 | E15: 1 | I15: 44743 | K15: 0 | L15: 2
A16: Дельта Сириус | B16: нет | C16: 1 | D16: 20110288-1 | E16: 1 | I16: 44743 | J16: 44467 | K16: 0 | L16: 9 | Q16: Расходники | R16: =SUM(R3,R5,R7,R9,R11,R13) -> 24
B17: нет | C17: 2 | D17: 20110288-2 | E17: 1 | F17: 1 | G17: 1 | I17: 44743 | J17: 44467 | K17: 0 | L17: 9 | Q17: Серьезные поломки | R17: =SUM(R4,R6,R8,R10,R12,R14) -> 30
B18: нет | C18: 3 | D18: 20110288-3 | E18: 1 | G18: 1 | H18: замена отводки | I18: 44743 | J18: 44467 | K18: 0 | L18: 9 | Q18: Итого | R18: =SUM(R16,R17) -> 54
B19: нет | C19: 4 | D19: 20110288-4 | E19: 1 | G19: 1 | I19: 44743 | J19: 44467 | K19: 1 | L19: 9
B20: нет | C20: 5 | D20: 20110288-5 | E20: 1 | G20: 1 | I20: 44743 | J20: 44467 | K20: 1 | L20: 9
B21: нет | C21: 6 | D21: 20110288-6 | E21: 1 | I21: 44743 | J21: 44467 | K21: 1 | L21: 10
B22: нет | C22: 7 | D22: 20110288-7 | E22: 1 | G22: 1 | I22: 44743 | J22: 44467 | K22: 1 | L22: 10
B23: нет | C23: 8 | D23: 20110288-8 | E23: 1 | I23: 44743 | J23: 44467 | K23: 0 | L23: 3
B24: нет | C24: 9 | D24: 20110288-9 | E24: 0 | I24: 44743 | J24: 44467 | K24: 0 | L24: 3
A25: Гамма Сириус | B25: 1\1 | C25: 1 | D25: B7NS3809 | E25: 1 | I25: 44743 | J25: 44538 | K25: 0 | L25: 5
B26: 1\2 | C26: 2 | D26: 708509 | E26: 1 | F26: 2 | G26: 1 | I26: 44743 | J26: 44538 | K26: 0 | L26: 5
B27: 1\2 | C27: 3 | D27: 708511 | E27: 1 | I27: 44743 | J27: 44538 | K27: 0 | L27: 5
B28: 1\3 | C28: 4 | D28: B7NS3791 | E28: 0 | I28: 44743 | J28: 44538 | K28: 0 | L28: 5
B29: 1\4 | C29: 5 | D29: B7NS3799 | E29: 1 | I29: 44743 | J29: 44538 | K29: 0 | L29: 5
B30: 1\4 | C30: 6 | D30: B7NS3806 | E30: 1 | I30: 44743 | J30: 44538 | K30: 0 | L30: 5
B31: 1\5 | C31: 7 | D31: B7NS3807 | E31: 1 | I31: 44743 | J31: 44538 | K31: 0 | L31: 5
B32: 8\1 | C32: 1 | D32: B7NS3792 | E32: 1 | F32: 1 | I32: 44743 | J32: 44538 | K32: 0 | L32: 5
B33: 8\2 | C33: 2 | D33: B7NS3804 | E33: 1 | I33: 44743 | J33: 44538 | K33: 0 | L33: 5
B34: 8\3 | C34: 3 | D34: B7NS3794 | E34: 1 | I34: 44743 | J34: 44538 | K34: 0 | L34: 5
B35: 8\4 | C35: 4 | D35: B7NS3795 | E35: 1 | I35: 44743 | J35: 44538 | K35: 0 | L35: 5
B36: 9\1 | C36: 1 | D36: B7NS3812 | E36: 1 | G36: 2 | H36: регулировка дш 1эт. | I36: 44743 | J36: 44538 | K36: 0 | L36: 5
B37: 9\2 | C37: 2 | D37: B79S3811 | E37: 1 | I37: 44743 | J37: 44538 | K37: 0 | L37: 5
B38: 9\3 | C38: 3 | D38: B7NS3810 | E38: 1 | G38: 1 | I38: 44743 | J38: 44538 | K38: 0 | L38: 5
B39: 9\4 | C39: 4 | D39: B7NS3808 | E39: 1 | G39: 1 | I39: 44743 | J39: 44538 | K39: 0 | L39: 5
B40: 10\1 | C40: 1 | D40: B7NS3801 | E40: 1 | F40: 1 | I40: 44743 | J40: 44538 | K40: 0 | L40: 5
B41: 10\2 | C41: 2 | D41: B7NS3802 | E41: 1 | F41: 1 | I41: 44743 | J41: 44538 | K41: 0 | L41: 5
B42: 10\3 | C42: 3 | D42: B7NS3803 | E42: 1 | I42: 44743 | J42: 44538 | K42: 0 | L42: 5
B43: 10\4 | C43: 4 | D43: B7NS3821 | E43: 1 | F43: 1 | G43: 2 | I43: 44743 | J43: 44538 | K43: 0 | L43: 5
B44: 10\5 | C44: 5 | D44: B7NS3805 | E44: 1 | I44: 44743 | J44: 44538 | K44: 0 | L44: 5
B45: 11\1 | C45: 1 | D45: B7NS3818 | E45: 1 | I45: 44743 | J45: 44538 | K45: 0 | L45: 5
B46: 11\2 | C46: 2 | D46: B7NS3793 | E46: 1 | I46: 44743 | J46: 44538 | K46: 0 | L46: 5
B47: 11\3 | C47: 3 | D47: B7NS3820 | E47: 1 | I47: 44743 | J47: 44538 | K47: 0 | L47: 5
B48: 11\4 | C48: 4 | D48: B7NS3822 | E48: 1 | F48: 1 | I48: 44743 | J48: 44538 | K48: 0 | L48: 5
B49: 12\1 | C49: 1 | D49: B7NS3796 | E49: 1 | I49: 44743 | J49: 44538 | K49: 0 | L49: 5
B50: 12\2 | C50: 2 | D50: B7NS3797 | E50: 1 | I50: 44743 | J50: 44538 | K50: 0 | L50: 5
B51: 12\3 | C51: 3 | D51: B7NS3798 | E51: 1 | I51: 44743 | J51: 44538 | K51: 0 | L51: 5
B52: 12\4 | C52: 4 | D52: B7NS3818 | E52: 1 | I52: 44743 | J52: 44538 | K52: 0 | L52: 5
B53: 14\1 | C53: 1 | D53: B7NS3787 | E53: 1 | F53: 1 | G53: 1 | I53: 44743 | J53: 44538 | K53: 0 | L53: 5
B54: 15\1 | C54: 1 | D54: B7NS3885 | E54: 1 | G54: 2 | I54: 44743 | J54: 44538 | K54: 0 | L54: 5
B55: 16\1 | C55: 1 | D55: B7NS3786 | E55: 1 | I55: 44743 | J55: 44538 | K55: 0 | L55: 5
B56: 17\1 | C56: 1 | D56: B7NS3888 | E56: 1 | I56: 44743 | J56: 44538 | K56: 0 | L56: 5
B57: 18\1 | C57: 1 | D57: B7NS3789 | E57: 1 | G57: 3 | I57: 44743 | J57: 44538 | K57: 0 | L57: 5
B58: 19\1 | C58: 1 | D58: B7NS3790 | E58: 1 | G58: 3 | I58: 44743 | J58: 44538 | K58: 0 | L58: 5
A59: Сигма А | B59: 1\1 | C59: 1 | D59: B7NS3901 | E59: 1 | I59: 44743 | J59: 44575 | K59: 0 | L59: 5
B60: 1\2 | C60: 2 | D60: B7NS3902 | E60: 1 | I60: 44743 | J60: 44575 | K60: 0 | L60: 5
B61: 1\3 | C61: 3 | D61: B7NS3903 | E61: 1 | I61: 44743 | J61: 44575 | K61: 0 | L61: 5
B62: 1\4 | C62: 4 | D62: B7NS3904 | E62: 1 | I62: 44743 | J62: 44575 | K62: 0 | L62: 5
B63: 3\1 | C63: 1 | D63: B7NS3961 | E63: 1 | I63: 44743 | J63: 44575 | K63: 0 | L63: 5
B64: 3\2 | C64: 2 | D64: B7NS3963 | E64: 1 | I64: 44743 | J64: 44575 | K64: 0 | L64: 5
B65: 3\3 | C65: 3 | D65: B7NS3951 | E65: 1 | G65: 2 | I65: 44743 | J65: 44575 | K65: 0 | L65: 5
B66: 3\4 | C66: 4 | D66: B7NS3960 | E66: 1 | I66: 44743 | J66: 44575 | K66: 0 | L66: 5
B67: 3\5 | C67: 5 | D67: B7NS3965 | E67: 1 | G67: 1 | I67: 44743 | J67: 44575 | K67: 0 | L67: 5
B68: 4\1 | C68: 1 | D68: B7NS3964 | E68: 1 | I68: 44743 | J68: 44575 | K68: 0 | L68: 5
B69: 4\2 | C69: 2 | D69: B7NS3966 | E69: 1 | I69: 44743 | J69: 44575 | K69: 0 | L69: 5
B70: 4\3 | C70: 3 | D70: B7NS3962 | E70: 1 | I70: 44743 | J70: 44575 | K70: 0 | L70: 5
B71: 5\1 | C71: 1 | D71: B7NS3919 | E71: 1 | I71: 44743 | J71: 44575 | K71: 0 | L71: 5
B72: 5\2 | C72: 2 | D72: B7NS3918 | E72: 1 | I72: 44743 | J72: 44575 | K72: 0 | L72: 5
B73: 5\2 | C73: 3 | D73: 708514 | E73: 1 | I73: 44743 | J73: 44575 | K73: 0 | L73: 5
B74: 5\3 | C74: 4 | D74: B7NS3917 | E74: 1 | I74: 44743 | J74: 44575 | K74: 0 | L74: 5
B75: 5\4 | C75: 5 | D75: B7NS3920 | E75: 1 | F75: 1 | I75: 44743 | J75: 44575 | K75: 0 | L75: 5
B76: 5\4 | C76: 6 | D76: 708513 | E76: 1 | I76: 44743 | J76: 44575 | K76: 0 | L76: 5
B77: 5\5 | C77: 7 | D77: B7NS3921 | E77: 1 | I77: 44743 | J77: 44575 | K77: 0 | L77: 5
B78: 6\1 | C78: 1 | D78: B7NS3922 | E78: 1 | I78: 44743 | J78: 44575 | K78: 0 | L78: 5
B79: 6\2 | C79: 2 | D79: B7NS3923 | E79: 1 | I79: 44743 | J79: 44575 | K79: 0 | L79: 5
B80: 6\3 | C80: 3 | D80: B7NS3924 | E80: 1 | I80: 44743 | J80: 44575 | K80: 0 | L80: 5
B81: 7\1 | C81: 1 | D81: B7NS3927 | E81: 1 | I81: 44743 | J81: 44575 | K81: 0 | L81: 5
B82: 7\2 | C82: 2 | D82: B7NS3928 | E82: 1 | I82: 44743 | J82: 44575 | K82: 0 | L82: 5
B83: 7\3 | C83: 3 | D83: B7NS3954 | E83: 1 | I83: 44743 | J83: 44575 | K83: 0 | L83: 5
B84: 7\4 | C84: 4 | D84: B7NS3955 | E84: 1 | F84: 1 | I84: 44743 | J84: 44575 | K84: 0 | L84: 5
B85: 8\1 | C85: 1 | D85: B7NS3929 | E85: 1 | I85: 44743 | J85: 44575 | K85: 0 | L85: 5
B86: 8\2 | C86: 2 | D86: B7NS3930 | E86: 1 | G86: 1 | I86: 44743 | J86: 44575 | K86: 0 | L86: 5
B87: 8\3 | C87: 3 | D87: B7NS3931 | E87: 1 | I87: 44743 | J87: 44575 | K87: 0 | L87: 5
B88: 8\4 | C88: 4 | D88: B7NS3932 | E88: 1 | I88: 44743 | J88: 44575 | K88: 0 | L88: 5
B89: 9\1 | C89: 1 | D89: B7NS3933 | E89: 1 | G89: 1 | I89: 44743 | J89: 44575 | K89: 0 | L89: 5
B90: 9\2 | C90: 2 | D90: B7NS3934 | E90: 1 | I90: 44743 | J90: 44575 | K90: 0 | L90: 5
B91: 9\3 | C91: 3 | D91: B7NS3935 | E91: 1 | I91: 44743 | J91: 44575 | K91: 0 | L91: 5
B92: 9\4 | C92: 4 | D92: B7NS3936 | E92: 1 | I92: 44743 | J92: 44575 | K92: 0 | L92: 5
B93: 9\5 | C93: 5 | D93: B7NS3937 | E93: 1 | I93: 44743 | J93: 44575 | K93: 0 | L93: 5
B94: 10\1 | C94: 1 | D94: B7NS3938 | E94: 1 | I94: 44743 | J94: 44575 | K94: 0 | L94: 5
B95: 10\2 | C95: 2 | D95: B7NS3939 | E95: 1 | I95: 44743 | J95: 44575 | K95: 0 | L95: 5
B96: 10\3 | C96: 3 | D96: B7NS3940 | E96: 1 | G96: 1 | I96: 44743 | J96: 44575 | K96: 0 | L96: 5
A97: Сигма Б,В | B97: 11\1 | C97: 1 | D97: 707362 | E97: 0 | I97: 44743 | J97: 44575 | K97: 0 | L97: 5
B98: 11\2 | C98: 2 | D98: 707388 | E98: 0 | I98: 44743 | J98: 44575 | K98: 0 | L98: 5
B99: 11\3 | C99: 3 | D99: 707389 | E99: 0 | I99: 44743 | J99: 44575 | K99: 0 | L99: 5
B100: 11\4 | C100: 4 | D100: 707390 | E100: 0 | I100: 44743 | J100: 44575 | K100: 0 | L100: 5
...

Sheet Сентябрь 2021
A1: Сводная таблица всех лифтов Департамента управления гостиницами
A2: Название Объекта | B2: Номер корпуса\секции | C2: Номер лифта (порядковый) | D2: Номер лифта(заводской) | E2: В Работе\отключен | F2: Заявки по замене расходных материалов(кнопки, тросики, лампы) | G2: Заявки по застреваниям и поломкам лифтов | H2: Краткое описание проблем | I2: Дата ближайшего тех.освидетельствования | J2: Дата окончания страховки | K2: Лифт для ППП | L2: Кол-во остановок
A3: Пульсар | B3: нет | C3: 1 | E3: 1 | I3: 44743 | K3: 1 | L3: 13 | P3: Дельта | Q3: Кнопки и прочие мелочи: | R3: =SUM(F16:F24) -> 6
B4: нет | C4: 2 | E4: 1 | I4: 44743 | K4: 0 | L4: 12 | Q4: Серьезные поломки: | R4: =SUM(G16:G24) -> 8
B5: нет | C5: 3 | E5: 1 | I5: 44743 | K5: 0 | L5: 11 | P5: Гамма | Q5: Кнопки и прочие мелочи: | R5: =SUM(F25:F58) -> 4
B6: нет | C6: 4 | E6: 1 | I6: 44743 | K6: 0 | L6: 11 | Q6: Серьезные поломки: | R6: =SUM(G25:G58) -> 3
B7: нет | C7: 5 | E7: 0 | I7: 44743 | K7: 0 | L7: 12 | P7: Сигма | Q7: Кнопки и прочие мелочи: | R7: =SUM(F59:F138) -> 13
B8: нет | C8: 6 | E8: 1 | I8: 44743 | K8: 0 | L8: 3 | Q8: Серьезные поломки: | R8: =SUM(G59:G138) -> 18
B9: нет | C9: 7 | E9: 1 | I9: 44743 | K9: 0 | L9: 3 | P9: Омега | Q9: Кнопки и прочие мелочи: | R9: =SUM(F139:F146) -> 1
B10: нет | C10: 8 | E10: 1 | I10: 44743 | K10: 0 | L10: 3 | Q10: Серьезные поломки: | R10: =SUM(G139:G146) -> 4
B11: нет | C11: 9 | E11: 1 | I11: 44743 | K11: 0 | L11: 11 | P11: Парусная | Q11: Кнопки и прочие мелочи: | R11: =SUM(F147:F150) -> 0
B12: нет | C12: 10 | E12: 1 | I12: 44743 | K12: 0 | L12: 11 | Q12: Серьезные поломки: | R12: =SUM(G147:G150) -> 0
B13: нет | C13: 11 | E13: 1 | I13: 44743 | K13: 1 | L13: 13 | P13: Пульсар | Q13: Кнопки и прочие мелочи: | R13: =SUM(F3:F15) -> 0
B14: нет | C14: 12 | E14: 1 | I14: 44743 | K14: 0 | L14: 2 | Q14: Серьезные поломки: | R14: =SUM(G3:G15) -> 2
B15: нет | C15: 13 | E15: 1 | G15: 2 | H15: регулировка дш | I15: 44743 | K15: 0 | L15: 2
A16: Дельта Сириус | B16: нет | C16: 1 | D16: 20110288-1 | E16: 1 | G16: 1 | H16: Успокоитель | I16: 44743 | J16: 44467 | K16: 0 | L16: 9 | Q16: Расходники | R16: =SUM(R3,R5,R7,R9,R11,R13) -> 24
B17: нет | C17: 2 | D17: 20110288-2 | E17: 1 | F17: 1 | G17: 1 | H17: Натяжение канатов | I17: 44743 | J17: 44467 | K17: 0 | L17: 9 | Q17: Серьезные поломки | R17: =SUM(R4,R6,R8,R10,R12,R14) -> 35
B18: нет | C18: 3 | D18: 20110288-3 | E18: 1 | I18: 44743 | J18: 44467 | K18: 0 | L18: 9 | Q18: Итого | R18: =SUM(R16,R17) -> 59
B19: нет | C19: 4 | D19: 20110288-4 | E19: 1 | F19: 1 | I19: 44743 | J19: 44467 | K19: 1 | L19: 9
B20: нет | C20: 5 | D20: 20110288-5 | E20: 1 | I20: 44743 | J20: 44467 | K20: 1 | L20: 9
B21: нет | C21: 6 | D21: 20110288-6 | E21: 1 | F21: 1 | G21: 1 | I21: 44743 | J21: 44467 | K21: 1 | L21: 10
B22: нет | C22: 7 | D22: 20110288-7 | E22: 1 | F22: 1 | G22: 4 | H22: регулировка дш | I22: 44743 | J22: 44467 | K22: 1 | L22: 10
B23: нет | C23: 8 | D23: 20110288-8 | E23: 1 | F23: 1 | I23: 44743 | J23: 44467 | K23: 0 | L23: 3
B24: нет | C24: 9 | D24: 20110288-9 | E24: 0 | F24: 1 | G24: 1 | I24: 44743 | J24: 44467 | K24: 0 | L24: 3
A25: Гамма Сириус | B25: 1\1 | C25: 1 | D25: B7NS3809 | E25: 1 | I25: 44743 | J25: 44538 | K25: 0 | L25: 5
B26: 1\2 | C26: 2 | D26: 708509 | E26: 1 | I26: 44743 | J26: 44538 | K26: 0 | L26: 5
B27: 1\2 | C27: 3 | D27: 708511 | E27: 1 | I27: 44743 | J27: 44538 | K27: 0 | L27: 5
B28: 1\3 | C28: 4 | D28: B7NS3791 | E28: 0 | I28: 44743 | J28: 44538 | K28: 0 | L28: 5
B29: 1\4 | C29: 5 | D29: B7NS3799 | E29: 1 | F29: 1 | I29: 44743 | J29: 44538 | K29: 0 | L29: 5
B30: 1\4 | C30: 6 | D30: B7NS3806 | E30: 1 | I30: 44743 | J30: 44538 | K30: 0 | L30: 5
B31: 1\5 | C31: 7 | D31: B7NS3807 | E31: 1 | G31: 1 | I31: 44743 | J31: 44538 | K31: 0 | L31: 5
B32: 8\1 | C32: 1 | D32: B7NS3792 | E32: 1 | I32: 44743 | J32: 44538 | K32: 0 | L32: 5
B33: 8\2 | C33: 2 | D33: B7NS3804 | E33: 1 | G33: 1 | I33: 44743 | J33: 44538 | K33: 0 | L33: 5
B34: 8\3 | C34: 3 | D34: B7NS3794 | E34: 1 | I34: 44743 | J34: 44538 | K34: 0 | L34: 5
B35: 8\4 | C35: 4 | D35: B7NS3795 | E35: 1 | F35: 2 | I35: 44743 | J35: 44538 | K35: 0 | L35: 5
B36: 9\1 | C36: 1 | D36: B7NS3812 | E36: 1 | I36: 44743 | J36: 44538 | K36: 0 | L36: 5
B37: 9\2 | C37: 2 | D37: B79S3811 | E37: 1 | I37: 44743 | J37: 44538 | K37: 0 | L37: 5
B38: 9\3 | C38: 3 | D38: B7NS3810 | E38: 1 | I38: 44743 | J38: 44538 | K38: 0 | L38: 5
B39: 9\4 | C39: 4 | D39: B7NS3808 | E39: 1 | I39: 44743 | J39: 44538 | K39: 0 | L39: 5
B40: 10\1 | C40: 1 | D40: B7NS3801 | E40: 1 | I40: 44743 | J40: 44538 | K40: 0 | L40: 5
B41: 10\2 | C41: 2 | D41: B7NS3802 | E41: 1 | I41: 44743 | J41: 44538 | K41: 0 | L41: 5
B42: 10\3 | C42: 3 | D42: B7NS3803 | E42: 1 | F42: 1 | I42: 44743 | J42: 44538 | K42: 0 | L42: 5
B43: 10\4 | C43: 4 | D43: B7NS3821 | E43: 1 | I43: 44743 | J43: 44538 | K43: 0 | L43: 5
B44: 10\5 | C44: 5 | D44: B7NS3805 | E44: 1 | I44: 44743 | J44: 44538 | K44: 0 | L44: 5
B45: 11\1 | C45: 1 | D45: B7NS3818 | E45: 1 | I45: 44743 | J45: 44538 | K45: 0 | L45: 5
B46: 11\2 | C46: 2 | D46: B7NS3793 | E46: 1 | I46: 44743 | J46: 44538 | K46: 0 | L46: 5
B47: 11\3 | C47: 3 | D47: B7NS3820 | E47: 1 | I47: 44743 | J47: 44538 | K47: 0 | L47: 5
B48: 11\4 | C48: 4 | D48: B7NS3822 | E48: 1 | I48: 44743 | J48: 44538 | K48: 0 | L48: 5
B49: 12\1 | C49: 1 | D49: B7NS3796 | E49: 1 | I49: 44743 | J49: 44538 | K49: 0 | L49: 5
B50: 12\2 | C50: 2 | D50: B7NS3797 | E50: 1 | I50: 44743 | J50: 44538 | K50: 0 | L50: 5
B51: 12\3 | C51: 3 | D51: B7NS3798 | E51: 1 | I51: 44743 | J51: 44538 | K51: 0 | L51: 5
B52: 12\4 | C52: 4 | D52: B7NS3818 | E52: 1 | I52: 44743 | J52: 44538 | K52: 0 | L52: 5
B53: 14\1 | C53: 1 | D53: B7NS3787 | E53: 1 | I53: 44743 | J53: 44538 | K53: 0 | L53: 5
B54: 15\1 | C54: 1 | D54: B7NS3885 | E54: 1 | I54: 44743 | J54: 44538 | K54: 0 | L54: 5
B55: 16\1 | C55: 1 | D55: B7NS3786 | E55: 1 | G55: 1 | I55: 44743 | J55: 44538 | K55: 0 | L55: 5
B56: 17\1 | C56: 1 | D56: B7NS3888 | E56: 1 | I56: 44743 | J56: 44538 | K56: 0 | L56: 5
B57: 18\1 | C57: 1 | D57: B7NS3789 | E57: 1 | I57: 44743 | J57: 44538 | K57: 0 | L57: 5
B58: 19\1 | C58: 1 | D58: B7NS3790 | E58: 1 | I58: 44743 | J58: 44538 | K58: 0 | L58: 5
A59: Сигма А | B59: 1\1 | C59: 1 | D59: B7NS3901 | E59: 1 | I59: 44743 | J59: 44575 | K59: 0 | L59: 5
B60: 1\2 | C60: 2 | D60: B7NS3902 | E60: 1 | I60: 44743 | J60: 44575 | K60: 0 | L60: 5
B61: 1\3 | C61: 3 | D61: B7NS3903 | E61: 1 | G61: 3 | I61: 44743 | J61: 44575 | K61: 0 | L61: 5
B62: 1\4 | C62: 4 | D62: B7NS3904 | E62: 1 | F62: 1 | I62: 44743 | J62: 44575 | K62: 0 | L62: 5
B63: 3\1 | C63: 1 | D63: B7NS3961 | E63: 1 | I63: 44743 | J63: 44575 | K63: 0 | L63: 5
B64: 3\2 | C64: 2 | D64: B7NS3963 | E64: 1 | I64: 44743 | J64: 44575 | K64: 0 | L64: 5
B65: 3\3 | C65: 3 | D65: B7NS3951 | E65: 1 | I65: 44743 | J65: 44575 | K65: 0 | L65: 5
B66: 3\4 | C66: 4 | D66: B7NS3960 | E66: 1 | G66: 1 | I66: 44743 | J66: 44575 | K66: 0 | L66: 5
B67: 3\5 | C67: 5 | D67: B7NS3965 | E67: 1 | I67: 44743 | J67: 44575 | K67: 0 | L67: 5
B68: 4\1 | C68: 1 | D68: B7NS3964 | E68: 1 | G68: 1 | I68: 44743 | J68: 44575 | K68: 0 | L68: 5
B69: 4\2 | C69: 2 | D69: B7NS3966 | E69: 1 | G69: 1 | I69: 44743 | J69: 44575 | K69: 0 | L69: 5
B70: 4\3 | C70: 3 | D70: B7NS3962 | E70: 1 | G70: 1 | I70: 44743 | J70: 44575 | K70: 0 | L70: 5
B71: 5\1 | C71: 1 | D71: B7NS3919 | E71: 1 | I71: 44743 | J71: 44575 | K71: 0 | L71: 5
B72: 5\2 | C72: 2 | D72: B7NS3918 | E72: 1 | I72: 44743 | J72: 44575 | K72: 0 | L72: 5
B73: 5\2 | C73: 3 | D73: 708514 | E73: 1 | I73: 44743 | J73: 44575 | K73: 0 | L73: 5
B74: 5\3 | C74: 4 | D74: B7NS3917 | E74: 1 | I74: 44743 | J74: 44575 | K74: 0 | L74: 5
B75: 5\4 | C75: 5 | D75: B7NS3920 | E75: 1 | I75: 44743 | J75: 44575 | K75: 0 | L75: 5
B76: 5\4 | C76: 6 | D76: 708513 | E76: 1 | I76: 44743 | J76: 44575 | K76: 0 | L76: 5
B77: 5\5 | C77: 7 | D77: B7NS3921 | E77: 1 | I77: 44743 | J77: 44575 | K77: 0 | L77: 5
B78: 6\1 | C78: 1 | D78: B7NS3922 | E78: 1 | I78: 44743 | J78: 44575 | K78: 0 | L78: 5
B79: 6\2 | C79: 2 | D79: B7NS3923 | E79: 1 | I79: 44743 | J79: 44575 | K79: 0 | L79: 5
B80: 6\3 | C80: 3 | D80: B7NS3924 | E80: 1 | I80: 44743 | J80: 44575 | K80: 0 | L80: 5
B81: 7\1 | C81: 1 | D81: B7NS3927 | E81: 1 | I81: 44743 | J81: 44575 | K81: 0 | L81: 5
B82: 7\2 | C82: 2 | D82: B7NS3928 | E82: 1 | I82: 44743 | J82: 44575 | K82: 0 | L82: 5
B83: 7\3 | C83: 3 | D83: B7NS3954 | E83: 1 | I83: 44743 | J83: 44575 | K83: 0 | L83: 5
B84: 7\4 | C84: 4 | D84: B7NS3955 | E84: 1 | I84: 44743 | J84: 44575 | K84: 0 | L84: 5
B85: 8\1 | C85: 1 | D85: B7NS3929 | E85: 1 | I85: 44743 | J85: 44575 | K85: 0 | L85: 5
B86: 8\2 | C86: 2 | D86: B7NS3930 | E86: 1 | G86: 1 | I86: 44743 | J86: 44575 | K86: 0 | L86: 5
B87: 8\3 | C87: 3 | D87: B7NS3931 | E87: 1 | I87: 44743 | J87: 44575 | K87: 0 | L87: 5
B88: 8\4 | C88: 4 | D88: B7NS3932 | E88: 1 | G88: 1 | I88: 44743 | J88: 44575 | K88: 0 | L88: 5
B89: 9\1 | C89: 1 | D89: B7NS3933 | E89: 1 | I89: 44743 | J89: 44575 | K89: 0 | L89: 5
B90: 9\2 | C90: 2 | D90: B7NS3934 | E90: 1 | I90: 44743 | J90: 44575 | K90: 0 | L90: 5
B91: 9\3 | C91: 3 | D91: B7NS3935 | E91: 1 | G91: 1 | I91: 44743 | J91: 44575 | K91: 0 | L91: 5
B92: 9\4 | C92: 4 | D92: B7NS3936 | E92: 1 | G92: 2 | I92: 44743 | J92: 44575 | K92: 0 | L92: 5
B93: 9\5 | C93: 5 | D93: B7NS3937 | E93: 1 | I93: 44743 | J93: 44575 | K93: 0 | L93: 5
B94: 10\1 | C94: 1 | D94: B7NS3938 | E94: 1 | G94: 1 | I94: 44743 | J94: 44575 | K94: 0 | L94: 5
B95: 10\2 | C95: 2 | D95: B7NS3939 | E95: 1 | F95: 1 | I95: 44743 | J95: 44575 | K95: 0 | L95: 5
B96: 10\3 | C96: 3 | D96: B7NS3940 | E96: 1 | G96: 1 | I96: 44743 | J96: 44575 | K96: 0 | L96: 5
A97: Сигма Б,В | B97: 11\1 | C97: 1 | D97: 707362 | E97: 0 | I97: 44743 | J97: 44575 | K97: 0 | L97: 5
B98: 11\2 | C98: 2 | D98: 707388 | E98: 0 | I98: 44743 | J98: 44575 | K98: 0 | L98: 5
B99: 11\3 | C99: 3 | D99: 707389 | E99: 0 | I99: 44743 | J99: 44575 | K99: 0 | L99: 5
B100: 11\4 | C100: 4 | D100: 707390 | E100: 0 | I100: 44743 | J100: 44575 | K100: 0 | L100: 5
...

Sheet Октябрь 2021
A1: Сводная таблица всех лифтов Департамента управления гостиницами
A2: Название Объекта | B2: Номер корпуса\секции | C2: Номер лифта (порядковый) | D2: Номер лифта(заводской) | E2: В Работе\отключен | F2: Заявки по замене расходных материалов(кнопки, тросики, лампы) | G2: Заявки по застреваниям и поломкам лифтов | H2: Краткое описание проблем | I2: Дата ближайшего тех.освидетельствования | J2: Дата окончания страховки | K2: Лифт для ППП | L2: Кол-во остановок
A3: Пульсар | B3: нет | C3: 1 | E3: 1 | I3: 44743 | K3: 1 | L3: 13 | P3: Дельта | Q3: Кнопки и прочие мелочи: | R3: =SUM(F16:F24) -> 4
B4: нет | C4: 2 | E4: 1 | I4: 44743 | K4: 0 | L4: 12 | Q4: Серьезные поломки: | R4: =SUM(G16:G24) -> 19
B5: нет | C5: 3 | E5: 1 | I5: 44743 | K5: 0 | L5: 11 | P5: Гамма | Q5: Кнопки и прочие мелочи: | R5: =SUM(F25:F58) -> 11
B6: нет | C6: 4 | E6: 1 | I6: 44743 | K6: 0 | L6: 11 | Q6: Серьезные поломки: | R6: =SUM(G25:G58) -> 14
B7: нет | C7: 5 | E7: 0 | I7: 44743 | K7: 0 | L7: 12 | P7: Сигма | Q7: Кнопки и прочие мелочи: | R7: =SUM(F59:F138) -> 5
B8: нет | C8: 6 | E8: 1 | I8: 44743 | K8: 0 | L8: 3 | Q8: Серьезные поломки: | R8: =SUM(G59:G138) -> 10
B9: нет | C9: 7 | E9: 1 | I9: 44743 | K9: 0 | L9: 3 | P9: Омега | Q9: Кнопки и прочие мелочи: | R9: =SUM(F139:F146) -> 0
B10: нет | C10: 8 | E10: 1 | I10: 44743 | K10: 0 | L10: 3 | Q10: Серьезные поломки: | R10: =SUM(G139:G146) -> 3
B11: нет | C11: 9 | E11: 1 | I11: 44743 | K11: 0 | L11: 11 | P11: Парусная | Q11: Кнопки и прочие мелочи: | R11: =SUM(F147:F150) -> 0
B12: нет | C12: 10 | E12: 1 | I12: 44743 | K12: 0 | L12: 11 | Q12: Серьезные поломки: | R12: =SUM(G147:G150) -> 0
B13: нет | C13: 11 | E13: 1 | I13: 44743 | K13: 1 | L13: 13 | P13: Пульсар | Q13: Кнопки и прочие мелочи: | R13: =SUM(F3:F15) -> 0
B14: нет | C14: 12 | E14: 1 | I14: 44743 | K14: 0 | L14: 2 | Q14: Серьезные поломки: | R14: =SUM(G3:G15) -> 0
B15: нет | C15: 13 | E15: 1 | I15: 44743 | K15: 0 | L15: 2
A16: Дельта Сириус | B16: нет | C16: 1 | D16: 20110288-1 | E16: 1 | F16: 1 | G16: 2 | I16: 44743 | J16: 44467 | K16: 0 | L16: 9 | Q16: Расходники | R16: =SUM(R3,R5,R7,R9,R11,R13) -> 20
B17: нет | C17: 2 | D17: 20110288-2 | E17: 1 | G17: 3 | I17: 44743 | J17: 44467 | K17: 0 | L17: 9 | Q17: Серьезные поломки | R17: =SUM(R4,R6,R8,R10,R12,R14) -> 46
B18: нет | C18: 3 | D18: 20110288-3 | E18: 1 | F18: 1 | G18: 1 | I18: 44743 | J18: 44467 | K18: 0 | L18: 9 | Q18: Итого | R18: =SUM(R16,R17) -> 66
B19: нет | C19: 4 | D19: 20110288-4 | E19: 1 | G19: 2 | I19: 44743 | J19: 44467 | K19: 1 | L19: 9
B20: нет | C20: 5 | D20: 20110288-5 | E20: 1 | G20: 1 | I20: 44743 | J20: 44467 | K20: 1 | L20: 9
B21: нет | C21: 6 | D21: 20110288-6 | E21: 1 | F21: 1 | G21: 3 | I21: 44743 | J21: 44467 | K21: 1 | L21: 10
B22: нет | C22: 7 | D22: 20110288-7 | E22: 1 | G22: 5 | I22: 44743 | J22: 44467 | K22: 1 | L22: 10
B23: нет | C23: 8 | D23: 20110288-8 | E23: 1 | G23: 2 | I23: 44743 | J23: 44467 | K23: 0 | L23: 3
B24: нет | C24: 9 | D24: 20110288-9 | E24: 1 | F24: 1 | I24: 44743 | J24: 44467 | K24: 0 | L24: 3
A25: Гамма Сириус | B25: 1\1 | C25: 1 | D25: B7NS3809 | E25: 1 | G25: 1 | I25: 44743 | J25: 44538 | K25: 0 | L25: 5
B26: 1\2 | C26: 2 | D26: 708509 | E26: 1 | G26: 1 | I26: 44743 | J26: 44538 | K26: 0 | L26: 5
B27: 1\2 | C27: 3 | D27: 708511 | E27: 1 | F27: 3 | I27: 44743 | J27: 44538 | K27: 0 | L27: 5
B28: 1\3 | C28: 4 | D28: B7NS3791 | E28: 0 | I28: 44743 | J28: 44538 | K28: 0 | L28: 5
B29: 1\4 | C29: 5 | D29: B7NS3799 | E29: 1 | G29: 1 | I29: 44743 | J29: 44538 | K29: 0 | L29: 5
B30: 1\4 | C30: 6 | D30: B7NS3806 | E30: 1 | I30: 44743 | J30: 44538 | K30: 0 | L30: 5
B31: 1\5 | C31: 7 | D31: B7NS3807 | E31: 1 | F31: 1 | I31: 44743 | J31: 44538 | K31: 0 | L31: 5
B32: 8\1 | C32: 1 | D32: B7NS3792 | E32: 1 | G32: 1 | I32: 44743 | J32: 44538 | K32: 0 | L32: 5
B33: 8\2 | C33: 2 | D33: B7NS3804 | E33: 1 | G33: 1 | I33: 44743 | J33: 44538 | K33: 0 | L33: 5
B34: 8\3 | C34: 3 | D34: B7NS3794 | E34: 1 | I34: 44743 | J34: 44538 | K34: 0 | L34: 5
B35: 8\4 | C35: 4 | D35: B7NS3795 | E35: 1 | F35: 2 | I35: 44743 | J35: 44538 | K35: 0 | L35: 5
B36: 9\1 | C36: 1 | D36: B7NS3812 | E36: 1 | I36: 44743 | J36: 44538 | K36: 0 | L36: 5
B37: 9\2 | C37: 2 | D37: B79S3811 | E37: 1 | I37: 44743 | J37: 44538 | K37: 0 | L37: 5
B38: 9\3 | C38: 3 | D38: B7NS3810 | E38: 1 | I38: 44743 | J38: 44538 | K38: 0 | L38: 5
B39: 9\4 | C39: 4 | D39: B7NS3808 | E39: 1 | G39: 1 | I39: 44743 | J39: 44538 | K39: 0 | L39: 5
B40: 10\1 | C40: 1 | D40: B7NS3801 | E40: 1 | G40: 1 | I40: 44743 | J40: 44538 | K40: 0 | L40: 5
B41: 10\2 | C41: 2 | D41: B7NS3802 | E41: 1 | G41: 1 | I41: 44743 | J41: 44538 | K41: 0 | L41: 5
B42: 10\3 | C42: 3 | D42: B7NS3803 | E42: 1 | G42: 1 | I42: 44743 | J42: 44538 | K42: 0 | L42: 5
B43: 10\4 | C43: 4 | D43: B7NS3821 | E43: 1 | F43: 1 | I43: 44743 | J43: 44538 | K43: 0 | L43: 5
B44: 10\5 | C44: 5 | D44: B7NS3805 | E44: 1 | G44: 1 | I44: 44743 | J44: 44538 | K44: 0 | L44: 5
B45: 11\1 | C45: 1 | D45: B7NS3818 | E45: 1 | G45: 1 | I45: 44743 | J45: 44538 | K45: 0 | L45: 5
B46: 11\2 | C46: 2 | D46: B7NS3793 | E46: 1 | F46: 1 | G46: 2 | I46: 44743 | J46: 44538 | K46: 0 | L46: 5
B47: 11\3 | C47: 3 | D47: B7NS3820 | E47: 1 | I47: 44743 | J47: 44538 | K47: 0 | L47: 5
B48: 11\4 | C48: 4 | D48: B7NS3822 | E48: 1 | F48: 1 | G48: 1 | I48: 44743 | J48: 44538 | K48: 0 | L48: 5
B49: 12\1 | C49: 1 | D49: B7NS3796 | E49: 1 | I49: 44743 | J49: 44538 | K49: 0 | L49: 5
B50: 12\2 | C50: 2 | D50: B7NS3797 | E50: 1 | F50: 1 | I50: 44743 | J50: 44538 | K50: 0 | L50: 5
B51: 12\3 | C51: 3 | D51: B7NS3798 | E51: 1 | I51: 44743 | J51: 44538 | K51: 0 | L51: 5
B52: 12\4 | C52: 4 | D52: B7NS3818 | E52: 1 | F52: 1 | I52: 44743 | J52: 44538 | K52: 0 | L52: 5
B53: 14\1 | C53: 1 | D53: B7NS3787 | E53: 1 | I53: 44743 | J53: 44538 | K53: 0 | L53: 5
B54: 15\1 | C54: 1 | D54: B7NS3885 | E54: 1 | I54: 44743 | J54: 44538 | K54: 0 | L54: 5
B55: 16\1 | C55: 1 | D55: B7NS3786 | E55: 1 | I55: 44743 | J55: 44538 | K55: 0 | L55: 5
B56: 17\1 | C56: 1 | D56: B7NS3888 | E56: 1 | I56: 44743 | J56: 44538 | K56: 0 | L56: 5
B57: 18\1 | C57: 1 | D57: B7NS3789 | E57: 1 | I57: 44743 | J57: 44538 | K57: 0 | L57: 5
B58: 19\1 | C58: 1 | D58: B7NS3790 | E58: 1 | I58: 44743 | J58: 44538 | K58: 0 | L58: 5
A59: Сигма А (38 шт.) | B59: 1\1 | C59: 1 | D59: B7NS3901 | E59: 1 | I59: 44743 | J59: 44575 | K59: 0 | L59: 5
B60: 1\2 | C60: 2 | D60: B7NS3902 | E60: 1 | I60: 44743 | J60: 44575 | K60: 0 | L60: 5
B61: 1\3 | C61: 3 | D61: B7NS3903 | E61: 1 | I61: 44743 | J61: 44575 | K61: 0 | L61: 5
B62: 1\4 | C62: 4 | D62: B7NS3904 | E62: 1 | I62: 44743 | J62: 44575 | K62: 0 | L62: 5
B63: 3\1 | C63: 1 | D63: B7NS3961 | E63: 1 | I63: 44743 | J63: 44575 | K63: 0 | L63: 5
B64: 3\2 | C64: 2 | D64: B7NS3963 | E64: 1 | I64: 44743 | J64: 44575 | K64: 0 | L64: 5
B65: 3\3 | C65: 3 | D65: B7NS3951 | E65: 1 | I65: 44743 | J65: 44575 | K65: 0 | L65: 5
B66: 3\4 | C66: 4 | D66: B7NS3960 | E66: 1 | G66: 1 | I66: 44743 | J66: 44575 | K66: 0 | L66: 5
B67: 3\5 | C67: 5 | D67: B7NS3965 | E67: 1 | I67: 44743 | J67: 44575 | K67: 0 | L67: 5
B68: 4\1 | C68: 1 | D68: B7NS3964 | E68: 1 | I68: 44743 | J68: 44575 | K68: 0 | L68: 5
B69: 4\2 | C69: 2 | D69: B7NS3966 | E69: 1 | I69: 44743 | J69: 44575 | K69: 0 | L69: 5
B70: 4\3 | C70: 3 | D70: B7NS3962 | E70: 1 | I70: 44743 | J70: 44575 | K70: 0 | L70: 5
B71: 5\1 | C71: 1 | D71: B7NS3919 | E71: 1 | I71: 44743 | J71: 44575 | K71: 0 | L71: 5
B72: 5\2 | C72: 2 | D72: B7NS3918 | E72: 1 | I72: 44743 | J72: 44575 | K72: 0 | L72: 5
B73: 5\2 | C73: 3 | D73: 708514 | E73: 1 | I73: 44743 | J73: 44575 | K73: 0 | L73: 5
B74: 5\3 | C74: 4 | D74: B7NS3917 | E74: 1 | I74: 44743 | J74: 44575 | K74: 0 | L74: 5
B75: 5\4 | C75: 5 | D75: B7NS3920 | E75: 1 | I75: 44743 | J75: 44575 | K75: 0 | L75: 5
B76: 5\4 | C76: 6 | D76: 708513 | E76: 1 | I76: 44743 | J76: 44575 | K76: 0 | L76: 5
B77: 5\5 | C77: 7 | D77: B7NS3921 | E77: 1 | I77: 44743 | J77: 44575 | K77: 0 | L77: 5
B78: 6\1 | C78: 1 | D78: B7NS3922 | E78: 1 | I78: 44743 | J78: 44575 | K78: 0 | L78: 5
B79: 6\2 | C79: 2 | D79: B7NS3923 | E79: 1 | I79: 44743 | J79: 44575 | K79: 0 | L79: 5
B80: 6\3 | C80: 3 | D80: B7NS3924 | E80: 1 | I80: 44743 | J80: 44575 | K80: 0 | L80: 5
B81: 7\1 | C81: 1 | D81: B7NS3927 | E81: 1 | I81: 44743 | J81: 44575 | K81: 0 | L81: 5
B82: 7\2 | C82: 2 | D82: B7NS3928 | E82: 1 | I82: 44743 | J82: 44575 | K82: 0 | L82: 5
B83: 7\3 | C83: 3 | D83: B7NS3954 | E83: 1 | G83: 1 | I83: 44743 | J83: 44575 | K83: 0 | L83: 5
B84: 7\4 | C84: 4 | D84: B7NS3955 | E84: 1 | I84: 44743 | J84: 44575 | K84: 0 | L84: 5
B85: 8\1 | C85: 1 | D85: B7NS3929 | E85: 1 | I85: 44743 | J85: 44575 | K85: 0 | L85: 5
B86: 8\2 | C86: 2 | D86: B7NS3930 | E86: 1 | I86: 44743 | J86: 44575 | K86: 0 | L86: 5
B87: 8\3 | C87: 3 | D87: B7NS3931 | E87: 1 | I87: 44743 | J87: 44575 | K87: 0 | L87: 5
B88: 8\4 | C88: 4 | D88: B7NS3932 | E88: 1 | F88: 1 | I88: 44743 | J88: 44575 | K88: 0 | L88: 5
B89: 9\1 | C89: 1 | D89: B7NS3933 | E89: 1 | I89: 44743 | J89: 44575 | K89: 0 | L89: 5
B90: 9\2 | C90: 2 | D90: B7NS3934 | E90: 1 | G90: 1 | H90: блок питания | I90: 44743 | J90: 44575 | K90: 0 | L90: 5
B91: 9\3 | C91: 3 | D91: B7NS3935 | E91: 1 | I91: 44743 | J91: 44575 | K91: 0 | L91: 5
B92: 9\4 | C92: 4 | D92: B7NS3936 | E92: 1 | I92: 44743 | J92: 44575 | K92: 0 | L92: 5
B93: 9\5 | C93: 5 | D93: B7NS3937 | E93: 1 | I93: 44743 | J93: 44575 | K93: 0 | L93: 5
B94: 10\1 | C94: 1 | D94: B7NS3938 | E94: 1 | I94: 44743 | J94: 44575 | K94: 0 | L94: 5
B95: 10\2 | C95: 2 | D95: B7NS3939 | E95: 1 | I95: 44743 | J95: 44575 | K95: 0 | L95: 5
B96: 10\3 | C96: 3 | D96: B7NS3940 | E96: 1 | I96: 44743 | J96: 44575 | K96: 0 | L96: 5
A97: Сигма Б(28 шт),В(8 шт.) | B97: 11\1 | C97: 1 | D97: 707362 | E97: 0 | I97: 44743 | J97: 44575 | K97: 0 | L97: 5
B98: 11\2 | C98: 2 | D98: 707388 | E98: 0 | I98: 44743 | J98: 44575 | K98: 0 | L98: 5
B99: 11\3 | C99: 3 | D99: 707389 | E99: 0 | I99: 44743 | J99: 44575 | K99: 0 | L99: 5
B100: 11\4 | C100: 4 | D100: 707390 | E100: 0 | I100: 44743 | J100: 44575 | K100: 0 | L100: 5
...

Sheet Ноябрь 2021
A1: Сводная таблица всех лифтов Департамента управления гостиницами
A2: Название Объекта | B2: Номер корпуса\секции | C2: Номер лифта (порядковый) | D2: Номер лифта(заводской) | E2: В Работе\отключен | F2: Заявки по замене расходных материалов(кнопки, тросики, лампы) | G2: Заявки по застреваниям и поломкам лифтов | H2: Краткое описание проблем | I2: Дата ближайшего тех.освидетельствования | J2: Дата окончания страховки | K2: Лифт для ППП | L2: Кол-во остановок
A3: Пульсар | B3: нет | C3: 1 | E3: 1 | I3: 44743 | K3: 1 | L3: 13 | P3: Дельта | Q3: Кнопки и прочие мелочи: | R3: =SUM(F16:F24) -> 9
B4: нет | C4: 2 | E4: 1 | I4: 44743 | K4: 0 | L4: 12 | Q4: Серьезные поломки: | R4: =SUM(G16:G24) -> 13
B5: нет | C5: 3 | E5: 1 | I5: 44743 | K5: 0 | L5: 11 | P5: Гамма | Q5: Кнопки и прочие мелочи: | R5: =SUM(F25:F58) -> 18
B6: нет | C6: 4 | E6: 1 | I6: 44743 | K6: 0 | L6: 11 | Q6: Серьезные поломки: | R6: =SUM(G25:G58) -> 7
B7: нет | C7: 5 | E7: 0 | I7: 44743 | K7: 0 | L7: 12 | P7: Сигма | Q7: Кнопки и прочие мелочи: | R7: =SUM(F59:F138) -> 6
B8: нет | C8: 6 | E8: 1 | I8: 44743 | K8: 0 | L8: 3 | Q8: Серьезные поломки: | R8: =SUM(G59:G138) -> 5
B9: нет | C9: 7 | E9: 1 | I9: 44743 | K9: 0 | L9: 3 | P9: Омега | Q9: Кнопки и прочие мелочи: | R9: =SUM(F139:F146) -> 1
B10: нет | C10: 8 | E10: 1 | I10: 44743 | K10: 0 | L10: 3 | Q10: Серьезные поломки: | R10: =SUM(G139:G146) -> 1
B11: нет | C11: 9 | E11: 1 | I11: 44743 | K11: 0 | L11: 11 | P11: Парусная | Q11: Кнопки и прочие мелочи: | R11: =SUM(F147:F150) -> 1
B12: нет | C12: 10 | E12: 1 | I12: 44743 | K12: 0 | L12: 11 | Q12: Серьезные поломки: | R12: =SUM(G147:G150) -> 0
B13: нет | C13: 11 | E13: 1 | I13: 44743 | K13: 1 | L13: 13 | P13: Пульсар | Q13: Кнопки и прочие мелочи: | R13: =SUM(F3:F15) -> 0
B14: нет | C14: 12 | E14: 1 | I14: 44743 | K14: 0 | L14: 2 | Q14: Серьезные поломки: | R14: =SUM(G3:G15) -> 1
B15: нет | C15: 13 | E15: 1 | G15: 1 | I15: 44743 | K15: 0 | L15: 2
A16: Дельта Сириус | B16: нет | C16: 1 | D16: 20110288-1 | E16: 1 | F16: 1 | G16: 1 | I16: 44743 | J16: 44467 | K16: 0 | L16: 9 | Q16: Расходники | R16: =SUM(R3,R5,R7,R9,R11,R13) -> 35
B17: нет | C17: 2 | D17: 20110288-2 | E17: 1 | F17: 2 | G17: 4 | I17: 44743 | J17: 44467 | K17: 0 | L17: 9 | Q17: Серьезные поломки | R17: =SUM(R4,R6,R8,R10,R12,R14) -> 27
B18: нет | C18: 3 | D18: 20110288-3 | E18: 1 | F18: 1 | G18: 2 | I18: 44743 | J18: 44467 | K18: 0 | L18: 9 | Q18: Итого | R18: =SUM(R16,R17) -> 62
B19: нет | C19: 4 | D19: 20110288-4 | E19: 1 | I19: 44743 | J19: 44467 | K19: 1 | L19: 9
B20: нет | C20: 5 | D20: 20110288-5 | E20: 1 | I20: 44743 | J20: 44467 | K20: 1 | L20: 9
B21: нет | C21: 6 | D21: 20110288-6 | E21: 1 | F21: 1 | G21: 3 | I21: 44743 | J21: 44467 | K21: 1 | L21: 10
B22: нет | C22: 7 | D22: 20110288-7 | E22: 1 | F22: 3 | G22: 3 | I22: 44743 | J22: 44467 | K22: 1 | L22: 10
B23: нет | C23: 8 | D23: 20110288-8 | E23: 1 | F23: 1 | I23: 44743 | J23: 44467 | K23: 0 | L23: 3
B24: нет | C24: 9 | D24: 20110288-9 | E24: 1 | I24: 44743 | J24: 44467 | K24: 0 | L24: 3
A25: Гамма Сириус | B25: 1\1 | C25: 1 | D25: B7NS3809 | E25: 1 | F25: 1 | G25: 1 | I25: 44743 | J25: 44538 | K25: 0 | L25: 5
B26: 1\2 | C26: 2 | D26: 708509 | E26: 1 | I26: 44743 | J26: 44538 | K26: 0 | L26: 5
B27: 1\2 | C27: 3 | D27: 708511 | E27: 1 | F27: 3 | I27: 44743 | J27: 44538 | K27: 0 | L27: 5
B28: 1\3 | C28: 4 | D28: B7NS3791 | E28: 0 | I28: 44743 | J28: 44538 | K28: 0 | L28: 5
B29: 1\4 | C29: 5 | D29: B7NS3799 | E29: 1 | F29: 1 | I29: 44743 | J29: 44538 | K29: 0 | L29: 5
B30: 1\4 | C30: 6 | D30: B7NS3806 | E30: 1 | I30: 44743 | J30: 44538 | K30: 0 | L30: 5
B31: 1\5 | C31: 7 | D31: B7NS3807 | E31: 1 | I31: 44743 | J31: 44538 | K31: 0 | L31: 5
B32: 8\1 | C32: 1 | D32: B7NS3792 | E32: 1 | I32: 44743 | J32: 44538 | K32: 0 | L32: 5
B33: 8\2 | C33: 2 | D33: B7NS3804 | E33: 1 | G33: 1 | I33: 44743 | J33: 44538 | K33: 0 | L33: 5
B34: 8\3 | C34: 3 | D34: B7NS3794 | E34: 1 | G34: 1 | I34: 44743 | J34: 44538 | K34: 0 | L34: 5
B35: 8\4 | C35: 4 | D35: B7NS3795 | E35: 1 | I35: 44743 | J35: 44538 | K35: 0 | L35: 5
B36: 9\1 | C36: 1 | D36: B7NS3812 | E36: 1 | G36: 1 | I36: 44743 | J36: 44538 | K36: 0 | L36: 5
B37: 9\2 | C37: 2 | D37: B79S3811 | E37: 1 | I37: 44743 | J37: 44538 | K37: 0 | L37: 5
B38: 9\3 | C38: 3 | D38: B7NS3810 | E38: 1 | F38: 2 | I38: 44743 | J38: 44538 | K38: 0 | L38: 5
B39: 9\4 | C39: 4 | D39: B7NS3808 | E39: 1 | I39: 44743 | J39: 44538 | K39: 0 | L39: 5
B40: 10\1 | C40: 1 | D40: B7NS3801 | E40: 1 | I40: 44743 | J40: 44538 | K40: 0 | L40: 5
B41: 10\2 | C41: 2 | D41: B7NS3802 | E41: 1 | F41: 1 | I41: 44743 | J41: 44538 | K41: 0 | L41: 5
B42: 10\3 | C42: 3 | D42: B7NS3803 | E42: 1 | I42: 44743 | J42: 44538 | K42: 0 | L42: 5
B43: 10\4 | C43: 4 | D43: B7NS3821 | E43: 1 | I43: 44743 | J43: 44538 | K43: 0 | L43: 5
B44: 10\5 | C44: 5 | D44: B7NS3805 | E44: 1 | I44: 44743 | J44: 44538 | K44: 0 | L44: 5
B45: 11\1 | C45: 1 | D45: B7NS3818 | E45: 1 | I45: 44743 | J45: 44538 | K45: 0 | L45: 5
B46: 11\2 | C46: 2 | D46: B7NS3793 | E46: 1 | I46: 44743 | J46: 44538 | K46: 0 | L46: 5
B47: 11\3 | C47: 3 | D47: B7NS3820 | E47: 1 | F47: 1 | I47: 44743 | J47: 44538 | K47: 0 | L47: 5
B48: 11\4 | C48: 4 | D48: B7NS3822 | E48: 1 | I48: 44743 | J48: 44538 | K48: 0 | L48: 5
B49: 12\1 | C49: 1 | D49: B7NS3796 | E49: 1 | I49: 44743 | J49: 44538 | K49: 0 | L49: 5
B50: 12\2 | C50: 2 | D50: B7NS3797 | E50: 1 | F50: 1 | I50: 44743 | J50: 44538 | K50: 0 | L50: 5
B51: 12\3 | C51: 3 | D51: B7NS3798 | E51: 1 | I51: 44743 | J51: 44538 | K51: 0 | L51: 5
B52: 12\4 | C52: 4 | D52: B7NS3818 | E52: 1 | F52: 1 | I52: 44743 | J52: 44538 | K52: 0 | L52: 5
B53: 14\1 | C53: 1 | D53: B7NS3787 | E53: 1 | I53: 44743 | J53: 44538 | K53: 0 | L53: 5
B54: 15\1 | C54: 1 | D54: B7NS3885 | E54: 1 | F54: 2 | G54: 2 | I54: 44743 | J54: 44538 | K54: 0 | L54: 5
B55: 16\1 | C55: 1 | D55: B7NS3786 | E55: 1 | F55: 3 | I55: 44743 | J55: 44538 | K55: 0 | L55: 5
B56: 17\1 | C56: 1 | D56: B7NS3888 | E56: 1 | I56: 44743 | J56: 44538 | K56: 0 | L56: 5
B57: 18\1 | C57: 1 | D57: B7NS3789 | E57: 1 | F57: 2 | G57: 1 | I57: 44743 | J57: 44538 | K57: 0 | L57: 5
B58: 19\1 | C58: 1 | D58: B7NS3790 | E58: 1 | I58: 44743 | J58: 44538 | K58: 0 | L58: 5
A59: Сигма А (38 шт.) | B59: 1\1 | C59: 1 | D59: B7NS3901 | E59: 1 | G59: 2 | I59: 44743 | J59: 44575 | K59: 0 | L59: 5
B60: 1\2 | C60: 2 | D60: B7NS3902 | E60: 1 | I60: 44743 | J60: 44575 | K60: 0 | L60: 5
B61: 1\3 | C61: 3 | D61: B7NS3903 | E61: 1 | I61: 44743 | J61: 44575 | K61: 0 | L61: 5
B62: 1\4 | C62: 4 | D62: B7NS3904 | E62: 1 | I62: 44743 | J62: 44575 | K62: 0 | L62: 5
B63: 3\1 | C63: 1 | D63: B7NS3961 | E63: 1 | I63: 44743 | J63: 44575 | K63: 0 | L63: 5
B64: 3\2 | C64: 2 | D64: B7NS3963 | E64: 1 | I64: 44743 | J64: 44575 | K64: 0 | L64: 5
B65: 3\3 | C65: 3 | D65: B7NS3951 | E65: 1 | I65: 44743 | J65: 44575 | K65: 0 | L65: 5
B66: 3\4 | C66: 4 | D66: B7NS3960 | E66: 1 | I66: 44743 | J66: 44575 | K66: 0 | L66: 5
B67: 3\5 | C67: 5 | D67: B7NS3965 | E67: 1 | I67: 44743 | J67: 44575 | K67: 0 | L67: 5
B68: 4\1 | C68: 1 | D68: B7NS3964 | E68: 1 | I68: 44743 | J68: 44575 | K68: 0 | L68: 5
B69: 4\2 | C69: 2 | D69: B7NS3966 | E69: 1 | I69: 44743 | J69: 44575 | K69: 0 | L69: 5
B70: 4\3 | C70: 3 | D70: B7NS3962 | E70: 1 | I70: 44743 | J70: 44575 | K70: 0 | L70: 5
B71: 5\1 | C71: 1 | D71: B7NS3919 | E71: 1 | I71: 44743 | J71: 44575 | K71: 0 | L71: 5
B72: 5\2 | C72: 2 | D72: B7NS3918 | E72: 1 | I72: 44743 | J72: 44575 | K72: 0 | L72: 5
B73: 5\2 | C73: 3 | D73: 708514 | E73: 1 | I73: 44743 | J73: 44575 | K73: 0 | L73: 5
B74: 5\3 | C74: 4 | D74: B7NS3917 | E74: 1 | I74: 44743 | J74: 44575 | K74: 0 | L74: 5
B75: 5\4 | C75: 5 | D75: B7NS3920 | E75: 1 | I75: 44743 | J75: 44575 | K75: 0 | L75: 5
B76: 5\4 | C76: 6 | D76: 708513 | E76: 1 | I76: 44743 | J76: 44575 | K76: 0 | L76: 5
B77: 5\5 | C77: 7 | D77: B7NS3921 | E77: 1 | I77: 44743 | J77: 44575 | K77: 0 | L77: 5
B78: 6\1 | C78: 1 | D78: B7NS3922 | E78: 1 | I78: 44743 | J78: 44575 | K78: 0 | L78: 5
B79: 6\2 | C79: 2 | D79: B7NS3923 | E79: 1 | I79: 44743 | J79: 44575 | K79: 0 | L79: 5
B80: 6\3 | C80: 3 | D80: B7NS3924 | E80: 1 | I80: 44743 | J80: 44575 | K80: 0 | L80: 5
B81: 7\1 | C81: 1 | D81: B7NS3927 | E81: 1 | I81: 44743 | J81: 44575 | K81: 0 | L81: 5
B82: 7\2 | C82: 2 | D82: B7NS3928 | E82: 1 | I82: 44743 | J82: 44575 | K82: 0 | L82: 5
B83: 7\3 | C83: 3 | D83: B7NS3954 | E83: 1 | I83: 44743 | J83: 44575 | K83: 0 | L83: 5
B84: 7\4 | C84: 4 | D84: B7NS3955 | E84: 1 | I84: 44743 | J84: 44575 | K84: 0 | L84: 5
B85: 8\1 | C85: 1 | D85: B7NS3929 | E85: 1 | I85: 44743 | J85: 44575 | K85: 0 | L85: 5
B86: 8\2 | C86: 2 | D86: B7NS3930 | E86: 1 | I86: 44743 | J86: 44575 | K86: 0 | L86: 5
B87: 8\3 | C87: 3 | D87: B7NS3931 | E87: 1 | I87: 44743 | J87: 44575 | K87: 0 | L87: 5
B88: 8\4 | C88: 4 | D88: B7NS3932 | E88: 1 | I88: 44743 | J88: 44575 | K88: 0 | L88: 5
... B90: 9\2 | C90: 2 | D90: B7NS3934 | E90: 1 | I90: 44743 | J90: 44575 | K90: 0 | L90: 5
B91: 9\3 | C91: 3 | D91: B7NS3935 | E91: 1 | G91: 1 | I91: 44743 | J91: 44575 | K91: 0 | L91: 5
B92: 9\4 | C92: 4 | D92: B7NS3936 | E92: 1 | I92: 44743 | J92: 44575 | K92: 0 | L92: 5
B93: 9\5 | C93: 5 | D93: B7NS3937 | E93: 1 | G93: 1 | I93: 44743 | J93: 44575 | K93: 0 | L93: 5
B94: 10\1 | C94: 1 | D94: B7NS3938 | E94: 1 | I94: 44743 | J94: 44575 | K94: 0 | L94: 5
B95: 10\2 | C95: 2 | D95: B7NS3939 | E95: 1 | I95: 44743 | J95: 44575 | K95: 0 | L95: 5
B96: 10\3 | C96: 3 | D96: B7NS3940 | E96: 1 | I96: 44743 | J96: 44575 | K96: 0 | L96: 5
A97: Сигма Б(28 шт),В(8 шт.) | B97: 11\1 | C97: 1 | D97: 707362 | E97: 0 | I97: 44743 | J97: 44575 | K97: 0 | L97: 5
B98: 11\2 | C98: 2 | D98: 707388 | E98: 0 | I98: 44743 | J98: 44575 | K98: 0 | L98: 5
B99: 11\3 | C99: 3 | D99: 707389 | E99: 0 | I99: 44743 | J99: 44575 | K99: 0 | L99: 5
B100: 11\4 | C100: 4 | D100: 707390 | E100: 0 | I100: 44743 | J100: 44575 | K100: 0 | L100: 5
B101: 11\5 | C101: 5 | D101: 707391 | E101: 0 | I101: 44743 | J101: 44575 | K101: 0 | L101: 5
...

Sheet Декабрь 2021
A1: Сводная таблица всех лифтов Департамента управления гостиницами
A2: Название Объекта | B2: Номер корпуса\секции | C2: Номер лифта (порядковый) | D2: Номер лифта(заводской) | E2: В Работе\отключен | F2: Заявки по замене расходных материалов(кнопки, тросики, лампы) | G2: Заявки по застреваниям и поломкам лифтов | H2: Краткое описание проблем | I2: Дата ближайшего тех.освидетельствования | J2: Дата окончания страховки | K2: Лифт для ППП | L2: Кол-во остановок
A3: Пульсар | B3: нет | C3: 1 | D3: B7NS4223 | E3: 1 | I3: 44743 | K3: 1 | L3: 13 | P3: Дельта | Q3: Кнопки и прочие мелочи: | R3: =SUM(F16:F24) -> 3
B4: нет | C4: 2 | D4: B7NS4224 | E4: 1 | I4: 44743 | K4: 0 | L4: 12 | Q4: Серьезные поломки: | R4: =SUM(G16:G24) -> 9
B5: нет | C5: 3 | D5: B7NS4225 | E5: 1 | I5: 44743 | K5: 0 | L5: 11 | P5: Гамма | Q5: Кнопки и прочие мелочи: | R5: =SUM(F25:F58) -> 4
B6: нет | C6: 4 | D6: B7NS4226 | E6: 1 | I6: 44743 | K6: 0 | L6: 11 | Q6: Серьезные поломки: | R6: =SUM(G25:G58) -> 4
B7: нет | C7: 5 | D7: B7NS4227 | E7: 1 | I7: 44743 | K7: 0 | L7: 12 | P7: Сигма | Q7: Кнопки и прочие мелочи: | R7: =SUM(F59:F138) -> 4
B8: нет | C8: 6 | D8: B7NS4228 | E8: 1 | I8: 44743 | K8: 0 | L8: 3 | Q8: Серьезные поломки: | R8: =SUM(G59:G138) -> 6
B9: нет | C9: 7 | D9: B7NS4229 | E9: 1 | I9: 44743 | K9: 0 | L9: 3 | P9: Омега | Q9: Кнопки и прочие мелочи: | R9: =SUM(F139:F146) -> 0
B10: нет | C10: 8 | D10: B7NS4230 | E10: 1 | I10: 44743 | K10: 0 | L10: 3 | Q10: Серьезные поломки: | R10: =SUM(G139:G146) -> 1
B11: нет | C11: 9 | D11: B7NS4231 | E11: 1 | I11: 44743 | K11: 0 | L11: 11 | P11: Парусная | Q11: Кнопки и прочие мелочи: | R11: =SUM(F147:F150) -> 0
B12: нет | C12: 10 | D12: B7NS4232 | E12: 1 | I12: 44743 | K12: 0 | L12: 11 | Q12: Серьезные поломки: | R12: =SUM(G147:G150) -> 0
B13: нет | C13: 11 | D13: B7NS4233 | E13: 1 | I13: 44743 | K13: 1 | L13: 13 | P13: Пульсар | Q13: Кнопки и прочие мелочи: | R13: =SUM(F3:F15) -> 0
B14: нет | C14: 12 | D14: B7NS4234 | E14: 1 | I14: 44743 | K14: 0 | L14: 2 | Q14: Серьезные поломки: | R14: =SUM(G3:G15) -> 0
B15: нет | C15: 13 | D15: B7NS4235 | E15: 1 | I15: 44743 | K15: 0 | L15: 2
A16: Дельта Сириус | B16: нет | C16: 1 | D16: 20110288-1 | E16: 1 | F16: 1 | G16: 1 | I16: 44743 | J16: 44467 | K16: 0 | L16: 9 | Q16: Расходники | R16: =SUM(R3,R5,R7,R9,R11,R13) -> 11
B17: нет | C17: 2 | D17: 20110288-2 | E17: 1 | F17: 1 | G17: 2 | I17: 44743 | J17: 44467 | K17: 0 | L17: 9 | Q17: Серьезные поломки | R17: =SUM(R4,R6,R8,R10,R12,R14) -> 20
B18: нет | C18: 3 | D18: 20110288-3 | E18: 1 | G18: 1 | I18: 44743 | J18: 44467 | K18: 0 | L18: 9 | Q18: Итого | R18: =SUM(R16,R17) -> 31
B19: нет | C19: 4 | D19: 20110288-4 | E19: 1 | I19: 44743 | J19: 44467 | K19: 1 | L19: 9
B20: нет | C20: 5 | D20: 20110288-5 | E20: 1 | I20: 44743 | J20: 44467 | K20: 1 | L20: 9
B21: нет | C21: 6 | D21: 20110288-6 | E21: 1 | G21: 1 | I21: 44743 | J21: 44467 | K21: 1 | L21: 10
B22: нет | C22: 7 | D22: 20110288-7 | E22: 1 | F22: 1 | G22: 3 | I22: 44743 | J22: 44467 | K22: 1 | L22: 10
B23: нет | C23: 8 | D23: 20110288-8 | E23: 1 | I23: 44743 | J23: 44467 | K23: 0 | L23: 3
B24: нет | C24: 9 | D24: 20110288-9 | E24: 1 | G24: 1 | I24: 44743 | J24: 44467 | K24: 0 | L24: 3
A25: Гамма Сириус | B25: 1\1 | C25: 1 | D25: B7NS3809 | E25: 1 | I25: 44743 | J25: 44538 | K25: 0 | L25: 5
B26: 1\2 | C26: 2 | D26: 708509 | E26: 1 | I26: 44743 | J26: 44538 | K26: 0 | L26: 5
B27: 1\2 | C27: 3 | D27: 708511 | E27: 1 | I27: 44743 | J27: 44538 | K27: 0 | L27: 5
B28: 1\3 | C28: 4 | D28: B7NS3791 | E28: 0 | I28: 44743 | J28: 44538 | K28: 0 | L28: 5
B29: 1\4 | C29: 5 | D29: B7NS3799 | E29: 1 | I29: 44743 | J29: 44538 | K29: 0 | L29: 5
B30: 1\4 | C30: 6 | D30: B7NS3806 | E30: 1 | I30: 44743 | J30: 44538 | K30: 0 | L30: 5
B31: 1\5 | C31: 7 | D31: B7NS3807 | E31: 1 | I31: 44743 | J31: 44538 | K31: 0 | L31: 5
B32: 8\1 | C32: 1 | D32: B7NS3792 | E32: 1 | I32: 44743 | J32: 44538 | K32: 0 | L32: 5
B33: 8\2 | C33: 2 | D33: B7NS3804 | E33: 1 | G33: 1 | I33: 44743 | J33: 44538 | K33: 0 | L33: 5
B34: 8\3 | C34: 3 | D34: B7NS3794 | E34: 1 | I34: 44743 | J34: 44538 | K34: 0 | L34: 5
B35: 8\4 | C35: 4 | D35: B7NS3795 | E35: 1 | I35: 44743 | J35: 44538 | K35: 0 | L35: 5
B36: 9\1 | C36: 1 | D36: B7NS3812 | E36: 1 | G36: 1 | I36: 44743 | J36: 44538 | K36: 0 | L36: 5
B37: 9\2 | C37: 2 | D37: B79S3811 | E37: 1 | I37: 44743 | J37: 44538 | K37: 0 | L37: 5
B38: 9\3 | C38: 3 | D38: B7NS3810 | E38: 1 | F38: 1 | I38: 44743 | J38: 44538 | K38: 0 | L38: 5
B39: 9\4 | C39: 4 | D39: B7NS3808 | E39: 1 | I39: 44743 | J39: 44538 | K39: 0 | L39: 5
B40: 10\1 | C40: 1 | D40: B7NS3801 | E40: 1 | I40: 44743 | J40: 44538 | K40: 0 | L40: 5
B41: 10\2 | C41: 2 | D41: B7NS3802 | E41: 1 | I41: 44743 | J41: 44538 | K41: 0 | L41: 5
B42: 10\3 | C42: 3 | D42: B7NS3803 | E42: 1 | I42: 44743 | J42: 44538 | K42: 0 | L42: 5
B43: 10\4 | C43: 4 | D43: B7NS3821 | E43: 1 | I43: 44743 | J43: 44538 | K43: 0 | L43: 5
B44: 10\5 | C44: 5 | D44: B7NS3805 | E44: 1 | G44: 1 | I44: 44743 | J44: 44538 | K44: 0 | L44: 5
B45: 11\1 | C45: 1 | D45: B7NS3818 | E45: 1 | F45: 1 | I45: 44743 | J45: 44538 | K45: 0 | L45: 5
B46: 11\2 | C46: 2 | D46: B7NS3793 | E46: 1 | I46: 44743 | J46: 44538 | K46: 0 | L46: 5
B47: 11\3 | C47: 3 | D47: B7NS3820 | E47: 1 | I47: 44743 | J47: 44538 | K47: 0 | L47: 5
B48: 11\4 | C48: 4 | D48: B7NS3822 | E48: 1 | I48: 44743 | J48: 44538 | K48: 0 | L48: 5
B49: 12\1 | C49: 1 | D49: B7NS3796 | E49: 1 | I49: 44743 | J49: 44538 | K49: 0 | L49: 5
B50: 12\2 | C50: 2 | D50: B7NS3797 | E50: 1 | I50: 44743 | J50: 44538 | K50: 0 | L50: 5
B51: 12\3 | C51: 3 | D51: B7NS3798 | E51: 1 | F51: 1 | I51: 44743 | J51: 44538 | K51: 0 | L51: 5
B52: 12\4 | C52: 4 | D52: B7NS3818 | E52: 1 | I52: 44743 | J52: 44538 | K52: 0 | L52: 5
B53: 14\1 | C53: 1 | D53: B7NS3787 | E53: 1 | I53: 44743 | J53: 44538 | K53: 0 | L53: 5
B54: 15\1 | C54: 1 | D54: B7NS3885 | E54: 1 | I54: 44743 | J54: 44538 | K54: 0 | L54: 5
B55: 16\1 | C55: 1 | D55: B7NS3786 | E55: 1 | I55: 44743 | J55: 44538 | K55: 0 | L55: 5
B56: 17\1 | C56: 1 | D56: B7NS3888 | E56: 1 | F56: 1 | G56: 1 | I56: 44743 | J56: 44538 | K56: 0 | L56: 5
B57: 18\1 | C57: 1 | D57: B7NS3789 | E57: 1 | I57: 44743 | J57: 44538 | K57: 0 | L57: 5
B58: 19\1 | C58: 1 | D58: B7NS3790 | E58: 1 | I58: 44743 | J58: 44538 | K58: 0 | L58: 5
A59: Сигма А (38 шт.) | B59: 1\1 | C59: 1 | D59: B7NS3901 | E59: 1 | I59: 44743 | J59: 44575 | K59: 0 | L59: 5
B60: 1\2 | C60: 2 | D60: B7NS3902 | E60: 1 | I60: 44743 | J60: 44575 | K60: 0 | L60: 5
B61: 1\3 | C61: 3 | D61: B7NS3903 | E61: 1 | G61: 1 | I61: 44743 | J61: 44575 | K61: 0 | L61: 5
B62: 1\4 | C62: 4 | D62: B7NS3904 | E62: 1 | I62: 44743 | J62: 44575 | K62: 0 | L62: 5
B63: 3\1 | C63: 1 | D63: B7NS3961 | E63: 1 | I63: 44743 | J63: 44575 | K63: 0 | L63: 5
B64: 3\2 | C64: 2 | D64: B7NS3963 | E64: 1 | I64: 44743 | J64: 44575 | K64: 0 | L64: 5
B65: 3\3 | C65: 3 | D65: B7NS3951 | E65: 1 | I65: 44743 | J65: 44575 | K65: 0 | L65: 5
B66: 3\4 | C66: 4 | D66: B7NS3960 | E66: 1 | I66: 44743 | J66: 44575 | K66: 0 | L66: 5
B67: 3\5 | C67: 5 | D67: B7NS3965 | E67: 1 | I67: 44743 | J67: 44575 | K67: 0 | L67: 5
B68: 4\1 | C68: 1 | D68: B7NS3964 | E68: 1 | I68: 44743 | J68: 44575 | K68: 0 | L68: 5
B69: 4\2 | C69: 2 | D69: B7NS3966 | E69: 1 | I69: 44743 | J69: 44575 | K69: 0 | L69: 5
B70: 4\3 | C70: 3 | D70: B7NS3962 | E70: 1 | I70: 44743 | J70: 44575 | K70: 0 | L70: 5
B71: 5\1 | C71: 1 | D71: B7NS3919 | E71: 1 | I71: 44743 | J71: 44575 | K71: 0 | L71: 5
B72: 5\2 | C72: 2 | D72: B7NS3918 | E72: 1 | I72: 44743 | J72: 44575 | K72: 0 | L72: 5
B73: 5\2 | C73: 3 | D73: 708514 | E73: 1 | I73: 44743 | J73: 44575 | K73: 0 | L73: 5
B74: 5\3 | C74: 4 | D74: B7NS3917 | E74: 1 | I74: 44743 | J74: 44575 | K74: 0 | L74: 5
B75: 5\4 | C75: 5 | D75: B7NS3920 | E75: 1 | I75: 44743 | J75: 44575 | K75: 0 | L75: 5
B76: 5\4 | C76: 6 | D76: 708513 | E76: 1 | I76: 44743 | J76: 44575 | K76: 0 | L76: 5
B77: 5\5 | C77: 7 | D77: B7NS3921 | E77: 1 | I77: 44743 | J77: 44575 | K77: 0 | L77: 5
B78: 6\1 | C78: 1 | D78: B7NS3922 | E78: 1 | I78: 44743 | J78: 44575 | K78: 0 | L78: 5
B79: 6\2 | C79: 2 | D79: B7NS3923 | E79: 1 | G79: 1 | I79: 44743 | J79: 44575 | K79: 0 | L79: 5
B80: 6\3 | C80: 3 | D80: B7NS3924 | E80: 1 | I80: 44743 | J80: 44575 | K80: 0 | L80: 5
B81: 7\1 | C81: 1 | D81: B7NS3927 | E81: 1 | I81: 44743 | J81: 44575 | K81: 0 | L81: 5
B82: 7\2 | C82: 2 | D82: B7NS3928 | E82: 1 | I82: 44743 | J82: 44575 | K82: 0 | L82: 5
B83: 7\3 | C83: 3 | D83: B7NS3954 | E83: 1 | I83: 44743 | J83: 44575 | K83: 0 | L83: 5
B84: 7\4 | C84: 4 | D84: B7NS3955 | E84: 1 | I84: 44743 | J84: 44575 | K84: 0 | L84: 5
B85: 8\1 | C85: 1 | D85: B7NS3929 | E85: 1 | I85: 44743 | J85: 44575 | K85: 0 | L85: 5
B86: 8\2 | C86: 2 | D86: B7NS3930 | E86: 1 | I86: 44743 | J86: 44575 | K86: 0 | L86: 5
B87: 8\3 | C87: 3 | D87: B7NS3931 | E87: 1 | I87: 44743 | J87: 44575 | K87: 0 | L87: 5
B88: 8\4 | C88: 4 | D88: B7NS3932 | E88: 1 | I88: 44743 | J88: 44575 | K88: 0 | L88: 5
B89: 9\1 | C89: 1 | D89: B7NS3933 | E89: 1 | I89: 44743 | J89: 44575 | K89: 0 | L89: 5
B90: 9\2 | C90: 2 | D90: B7NS3934 | E90: 1 | I90: 44743 | J90: 44575 | K90: 0 | L90: 5
B91: 9\3 | C91: 3 | D91: B7NS3935 | E91: 1 | I91: 44743 | J91: 44575 | K91: 0 | L91: 5
B92: 9\4 | C92: 4 | D92: B7NS3936 | E92: 1 | G92: 1 | I92: 44743 | J92: 44575 | K92: 0 | L92: 5
B93: 9\5 | C93: 5 | D93: B7NS3937 | E93: 1 | I93: 44743 | J93: 44575 | K93: 0 | L93: 5
B94: 10\1 | C94: 1 | D94: B7NS3938 | E94: 1 | I94: 44743 | J94: 44575 | K94: 0 | L94: 5
B95: 10\2 | C95: 2 | D95: B7NS3939 | E95: 1 | I95: 44743 | J95: 44575 | K95: 0 | L95: 5
B96: 10\3 | C96: 3 | D96: B7NS3940 | E96: 1 | I96: 44743 | J96: 44575 | K96: 0 | L96: 5
A97: Сигма Б(28 шт),В(8 шт.) | B97: 11\1 | C97: 1 | D97: 707362 | E97: 0 | I97: 44743 | J97: 44575 | K97: 0 | L97: 5
B98: 11\2 | C98: 2 | D98: 707388 | E98: 0 | I98: 44743 | J98: 44575 | K98: 0 | L98: 5
B99: 11\3 | C99: 3 | D99: 707389 | E99: 0 | I99: 44743 | J99: 44575 | K99: 0 | L99: 5
B100: 11\4 | C100: 4 | D100: 707390 | E100: 0 | I100: 44743 | J100: 44575 | K100: 0 | L100: 5
...

Sheet Январь 2022
A1: Сводная таблица всех лифтов Департамента управления гостиницами
A2: Название Объекта | B2: Номер корпуса\секции | C2: Номер лифта (порядковый) | D2: Номер лифта(заводской) | E2: В Работе\отключен | F2: Заявки по замене расходных материалов(кнопки, тросики, лампы) | G2: Заявки по застреваниям и поломкам лифтов | H2: Краткое описание проблем | I2: Дата ближайшего тех.освидетельствования | J2: Дата окончания страховки | K2: Лифт для ППП | L2: Кол-во остановок
A3: Пульсар | B3: нет | C3: 1 | D3: B7NS4223 | E3: 1 | I3: 44743 | K3: 1 | L3: 13 | P3: Дельта | Q3: Кнопки и прочие мелочи: | R3: =SUM(F16:F24) -> 2
B4: нет | C4: 2 | D4: B7NS4224 | E4: 1 | I4: 44743 | K4: 0 | L4: 12 | Q4: Серьезные поломки: | R4: =SUM(G16:G24) -> 14
B5: нет | C5: 3 | D5: B7NS4225 | E5: 1 | I5: 44743 | K5: 0 | L5: 11 | P5: Гамма | Q5: Кнопки и прочие мелочи: | R5: =SUM(F25:F58) -> 7
B6: нет | C6: 4 | D6: B7NS4226 | E6: 1 | I6: 44743 | K6: 0 | L6: 11 | Q6: Серьезные поломки: | R6: =SUM(G25:G58) -> 15
B7: нет | C7: 5 | D7: B7NS4227 | E7: 1 | I7: 44743 | K7: 0 | L7: 12 | P7: Сигма | Q7: Кнопки и прочие мелочи: | R7: =SUM(F59:F138) -> 7
B8: нет | C8: 6 | D8: B7NS4228 | E8: 1 | I8: 44743 | K8: 0 | L8: 3 | Q8: Серьезные поломки: | R8: =SUM(G59:G138) -> 15
B9: нет | C9: 7 | D9: B7NS4229 | E9: 1 | I9: 44743 | K9: 0 | L9: 3 | P9: Омега | Q9: Кнопки и прочие мелочи: | R9: =SUM(F139:F146) -> 2
B10: нет | C10: 8 | D10: B7NS4230 | E10: 1 | I10: 44743 | K10: 0 | L10: 3 | Q10: Серьезные поломки: | R10: =SUM(G139:G146) -> 3
B11: нет | C11: 9 | D11: B7NS4231 | E11: 1 | I11: 44743 | K11: 0 | L11: 11 | P11: Парусная | Q11: Кнопки и прочие мелочи: | R11: =SUM(F147:F150) -> 0
B12: нет | C12: 10 | D12: B7NS4232 | E12: 1 | I12: 44743 | K12: 0 | L12: 11 | Q12: Серьезные поломки: | R12: =SUM(G147:G150) -> 2
B13: нет | C13: 11 | D13: B7NS4233 | E13: 1 | I13: 44743 | K13: 1 | L13: 13 | P13: Пульсар | Q13: Кнопки и прочие мелочи: | R13: =SUM(F3:F15) -> 0
B14: нет | C14: 12 | D14: B7NS4234 | E14: 1 | I14: 44743 | K14: 0 | L14: 2 | Q14: Серьезные поломки: | R14: =SUM(G3:G15) -> 0
B15: нет | C15: 13 | D15: B7NS4235 | E15: 1 | I15: 44743 | K15: 0 | L15: 2
A16: Дельта Сириус | B16: нет | C16: 1 | D16: 20110288-1 | E16: 1 | I16: 44743 | J16: 44467 | K16: 0 | L16: 9 | Q16: Расходники | R16: =SUM(R3,R5,R7,R9,R11,R13) -> 18
B17: нет | C17: 2 | D17: 20110288-2 | E17: 1 | G17: 6 | I17: 44743 | J17: 44467 | K17: 0 | L17: 9 | Q17: Серьезные поломки | R17: =SUM(R4,R6,R8,R10,R12,R14) -> 49
B18: нет | C18: 3 | D18: 20110288-3 | E18: 1 | G18: 2 | I18: 44743 | J18: 44467 | K18: 0 | L18: 9 | Q18: Итого | R18: =SUM(R16,R17) -> 67
B19: нет | C19: 4 | D19: 20110288-4 | E19: 1 | G19: 1 | I19: 44743 | J19: 44467 | K19: 1 | L19: 9
B20: нет | C20: 5 | D20: 20110288-5 | E20: 1 | I20: 44743 | J20: 44467 | K20: 1 | L20: 9
B21: нет | C21: 6 | D21: 20110288-6 | E21: 1 | G21: 2 | I21: 44743 | J21: 44467 | K21: 1 | L21: 10
B22: нет | C22: 7 | D22: 20110288-7 | E22: 1 | F22: 1 | G22: 2 | I22: 44743 | J22: 44467 | K22: 1 | L22: 10
B23: нет | C23: 8 | D23: 20110288-8 | E23: 1 | G23: 1 | I23: 44743 | J23: 44467 | K23: 0 | L23: 3
B24: нет | C24: 9 | D24: 20110288-9 | E24: 1 | F24: 1 | I24: 44743 | J24: 44467 | K24: 0 | L24: 3
A25: Гамма Сириус | B25: 1\1 | C25: 1 | D25: B7NS3809 | E25: 1 | F25: 1 | G25: 2 | I25: 44743 | J25: 44538 | K25: 0 | L25: 5
B26: 1\2 | C26: 2 | D26: 708509 | E26: 1 | G26: 3 | I26: 44743 | J26: 44538 | K26: 0 | L26: 5
B27: 1\2 | C27: 3 | D27: 708511 | E27: 1 | F27: 1 | I27: 44743 | J27: 44538 | K27: 0 | L27: 5
B28: 1\3 | C28: 4 | D28: B7NS3791 | E28: 0 | G28: 1 | I28: 44743 | J28: 44538 | K28: 0 | L28: 5
B29: 1\4 | C29: 5 | D29: B7NS3799 | E29: 1 | F29: 2 | I29: 44743 | J29: 44538 | K29: 0 | L29: 5
B30: 1\4 | C30: 6 | D30: B7NS3806 | E30: 1 | I30: 44743 | J30: 44538 | K30: 0 | L30: 5
B31: 1\5 | C31: 7 | D31: B7NS3807 | E31: 1 | I31: 44743 | J31: 44538 | K31: 0 | L31: 5
B32: 8\1 | C32: 1 | D32: B7NS3792 | E32: 1 | I32: 44743 | J32: 44538 | K32: 0 | L32: 5
B33: 8\2 | C33: 2 | D33: B7NS3804 | E33: 1 | F33: 1 | G33: 1 | I33: 44743 | J33: 44538 | K33: 0 | L33: 5
B34: 8\3 | C34: 3 | D34: B7NS3794 | E34: 1 | G34: 1 | I34: 44743 | J34: 44538 | K34: 0 | L34: 5
B35: 8\4 | C35: 4 | D35: B7NS3795 | E35: 1 | I35: 44743 | J35: 44538 | K35: 0 | L35: 5
B36: 9\1 | C36: 1 | D36: B7NS3812 | E36: 1 | I36: 44743 | J36: 44538 | K36: 0 | L36: 5
B37: 9\2 | C37: 2 | D37: B79S3811 | E37: 1 | F37: 1 | I37: 44743 | J37: 44538 | K37: 0 | L37: 5
B38: 9\3 | C38: 3 | D38: B7NS3810 | E38: 1 | I38: 44743 | J38: 44538 | K38: 0 | L38: 5
B39: 9\4 | C39: 4 | D39: B7NS3808 | E39: 1 | I39: 44743 | J39: 44538 | K39: 0 | L39: 5
B40: 10\1 | C40: 1 | D40: B7NS3801 | E40: 1 | I40: 44743 | J40: 44538 | K40: 0 | L40: 5
B41: 10\2 | C41: 2 | D41: B7NS3802 | E41: 1 | G41: 1 | I41: 44743 | J41: 44538 | K41: 0 | L41: 5
B42: 10\3 | C42: 3 | D42: B7NS3803 | E42: 1 | I42: 44743 | J42: 44538 | K42: 0 | L42: 5
B43: 10\4 | C43: 4 | D43: B7NS3821 | E43: 1 | I43: 44743 | J43: 44538 | K43: 0 | L43: 5
B44: 10\5 | C44: 5 | D44: B7NS3805 | E44: 1 | I44: 44743 | J44: 44538 | K44: 0 | L44: 5
B45: 11\1 | C45: 1 | D45: B7NS3818 | E45: 1 | I45: 44743 | J45: 44538 | K45: 0 | L45: 5
B46: 11\2 | C46: 2 | D46: B7NS3793 | E46: 1 | I46: 44743 | J46: 44538 | K46: 0 | L46: 5
B47: 11\3 | C47: 3 | D47: B7NS3820 | E47: 1 | I47: 44743 | J47: 44538 | K47: 0 | L47: 5
B48: 11\4 | C48: 4 | D48: B7NS3822 | E48: 1 | F48: 1 | I48: 44743 | J48: 44538 | K48: 0 | L48: 5
B49: 12\1 | C49: 1 | D49: B7NS3796 | E49: 1 | I49: 44743 | J49: 44538 | K49: 0 | L49: 5
B50: 12\2 | C50: 2 | D50: B7NS3797 | E50: 1 | I50: 44743 | J50: 44538 | K50: 0 | L50: 5
B51: 12\3 | C51: 3 | D51: B7NS3798 | E51: 1 | I51: 44743 | J51: 44538 | K51: 0 | L51: 5
B52: 12\4 | C52: 4 | D52: B7NS3818 | E52: 1 | I52: 44743 | J52: 44538 | K52: 0 | L52: 5
B53: 14\1 | C53: 1 | D53: B7NS3787 | E53: 1 | I53: 44743 | J53: 44538 | K53: 0 | L53: 5
B54: 15\1 | C54: 1 | D54: B7NS3885 | E54: 1 | G54: 1 | I54: 44743 | J54: 44538 | K54: 0 | L54: 5
B55: 16\1 | C55: 1 | D55: B7NS3786 | E55: 1 | G55: 1 | I55: 44743 | J55: 44538 | K55: 0 | L55: 5
B56: 17\1 | C56: 1 | D56: B7NS3888 | E56: 1 | G56: 1 | I56: 44743 | J56: 44538 | K56: 0 | L56: 5
B57: 18\1 | C57: 1 | D57: B7NS3789 | E57: 1 | G57: 2 | I57: 44743 | J57: 44538 | K57: 0 | L57: 5
B58: 19\1 | C58: 1 | D58: B7NS3790 | E58: 1 | G58: 1 | I58: 44743 | J58: 44538 | K58: 0 | L58: 5
A59: Сигма А (38 шт.) | B59: 1\1 | C59: 1 | D59: B7NS3901 | E59: 1 | I59: 44743 | J59: 44575 | K59: 0 | L59: 5
B60: 1\2 | C60: 2 | D60: B7NS3902 | E60: 1 | I60: 44743 | J60: 44575 | K60: 0 | L60: 5
B61: 1\3 | C61: 3 | D61: B7NS3903 | E61: 1 | G61: 1 | I61: 44743 | J61: 44575 | K61: 0 | L61: 5
B62: 1\4 | C62: 4 | D62: B7NS3904 | E62: 1 | F62: 1 | I62: 44743 | J62: 44575 | K62: 0 | L62: 5
B63: 3\1 | C63: 1 | D63: B7NS3961 | E63: 1 | I63: 44743 | J63: 44575 | K63: 0 | L63: 5
B64: 3\2 | C64: 2 | D64: B7NS3963 | E64: 1 | I64: 44743 | J64: 44575 | K64: 0 | L64: 5
B65: 3\3 | C65: 3 | D65: B7NS3951 | E65: 1 | I65: 44743 | J65: 44575 | K65: 0 | L65: 5
B66: 3\4 | C66: 4 | D66: B7NS3960 | E66: 1 | I66: 44743 | J66: 44575 | K66: 0 | L66: 5
B67: 3\5 | C67: 5 | D67: B7NS3965 | E67: 1 | I67: 44743 | J67: 44575 | K67: 0 | L67: 5
B68: 4\1 | C68: 1 | D68: B7NS3964 | E68: 1 | I68: 44743 | J68: 44575 | K68: 0 | L68: 5
B69: 4\2 | C69: 2 | D69: B7NS3966 | E69: 1 | F69: 1 | I69: 44743 | J69: 44575 | K69: 0 | L69: 5
B70: 4\3 | C70: 3 | D70: B7NS3962 | E70: 1 | I70: 44743 | J70: 44575 | K70: 0 | L70: 5
B71: 5\1 | C71: 1 | D71: B7NS3919 | E71: 1 | I71: 44743 | J71: 44575 | K71: 0 | L71: 5
B72: 5\2 | C72: 2 | D72: B7NS3918 | E72: 1 | I72: 44743 | J72: 44575 | K72: 0 | L72: 5
B73: 5\2 | C73: 3 | D73: 708514 | E73: 1 | I73: 44743 | J73: 44575 | K73: 0 | L73: 5
B74: 5\3 | C74: 4 | D74: B7NS3917 | E74: 1 | I74: 44743 | J74: 44575 | K74: 0 | L74: 5
B75: 5\4 | C75: 5 | D75: B7NS3920 | E75: 1 | G75: 1 | I75: 44743 | J75: 44575 | K75: 0 | L75: 5
B76: 5\4 | C76: 6 | D76: 708513 | E76: 1 | I76: 44743 | J76: 44575 | K76: 0 | L76: 5
B77: 5\5 | C77: 7 | D77: B7NS3921 | E77: 1 | I77: 44743 | J77: 44575 | K77: 0 | L77: 5
B78: 6\1 | C78: 1 | D78: B7NS3922 | E78: 1 | I78: 44743 | J78: 44575 | K78: 0 | L78: 5
B79: 6\2 | C79: 2 | D79: B7NS3923 | E79: 1 | I79: 44743 | J79: 44575 | K79: 0 | L79: 5
B80: 6\3 | C80: 3 | D80: B7NS3924 | E80: 1 | I80: 44743 | J80: 44575 | K80: 0 | L80: 5
B81: 7\1 | C81: 1 | D81: B7NS3927 | E81: 1 | I81: 44743 | J81: 44575 | K81: 0 | L81: 5
B82: 7\2 | C82: 2 | D82: B7NS3928 | E82: 1 | I82: 44743 | J82: 44575 | K82: 0 | L82: 5
B83: 7\3 | C83: 3 | D83: B7NS3954 | E83: 1 | I83: 44743 | J83: 44575 | K83: 0 | L83: 5
B84: 7\4 | C84: 4 | D84: B7NS3955 | E84: 1 | I84: 44743 | J84: 44575 | K84: 0 | L84: 5
B85: 8\1 | C85: 1 | D85: B7NS3929 | E85: 1 | I85: 44743 | J85: 44575 | K85: 0 | L85: 5
B86: 8\2 | C86: 2 | D86: B7NS3930 | E86: 1 | I86: 44743 | J86: 44575 | K86: 0 | L86: 5
B87: 8\3 | C87: 3 | D87: B7NS3931 | E87: 1 | I87: 44743 | J87: 44575 | K87: 0 | L87: 5
B88: 8\4 | C88: 4 | D88: B7NS3932 | E88: 1 | I88: 44743 | J88: 44575 | K88: 0 | L88: 5
B89: 9\1 | C89: 1 | D89: B7NS3933 | E89: 1 | I89: 44743 | J89: 44575 | K89: 0 | L89: 5
B90: 9\2 | C90: 2 | D90: B7NS3934 | E90: 1 | G90: 2 | I90: 44743 | J90: 44575 | K90: 0 | L90: 5
B91: 9\3 | C91: 3 | D91: B7NS3935 | E91: 1 | I91: 44743 | J91: 44575 | K91: 0 | L91: 5
B92: 9\4 | C92: 4 | D92: B7NS3936 | E92: 1 | I92: 44743 | J92: 44575 | K92: 0 | L92: 5
B93: 9\5 | C93: 5 | D93: B7NS3937 | E93: 1 | I93: 44743 | J93: 44575 | K93: 0 | L93: 5
B94: 10\1 | C94: 1 | D94: B7NS3938 | E94: 1 | I94: 44743 | J94: 44575 | K94: 0 | L94: 5
B95: 10\2 | C95: 2 | D95: B7NS3939 | E95: 1 | I95: 44743 | J95: 44575 | K95: 0 | L95: 5
B96: 10\3 | C96: 3 | D96: B7NS3940 | E96: 1 | I96: 44743 | J96: 44575 | K96: 0 | L96: 5
A97: Сигма Б(28 шт),В(8 шт.) | B97: 11\1 | C97: 1 | D97: 707362 | E97: 0 | I97: 44743 | J97: 44575 | K97: 0 | L97: 5
B98: 11\2 | C98: 2 | D98: 707388 | E98: 0 | I98: 44743 | J98: 44575 | K98: 0 | L98: 5
B99: 11\3 | C99: 3 | D99: 707389 | E99: 0 | I99: 44743 | J99: 44575 | K99: 0 | L99: 5
B100: 11\4 | C100: 4 | D100: 707390 | E100: 0 | I100: 44743 | J100: 44575 | K100: 0 | L100: 5
...

Sheet Февраль 2022
A1: Сводная таблица всех лифтов Департамента управления гостиницами
A2: Название Объекта | B2: Номер корпуса\секции | C2: Номер лифта (порядковый) | D2: Номер лифта(заводской) | E2: В Работе\отключен | F2: Заявки по замене расходных материалов(кнопки, тросики, лампы) | G2: Заявки по застреваниям и поломкам лифтов | H2: Краткое описание проблем | I2: Дата ближайшего тех.освидетельствования | J2: Дата окончания страховки | K2: Лифт для ППП | L2: Кол-во остановок
A3: Пульсар | B3: нет | C3: 1 | D3: B7NS4223 | E3: 1 | I3: 44743 | K3: 1 | L3: 13 | P3: Дельта | Q3: Кнопки и прочие мелочи: | R3: =SUM(F16:F24) -> 4
B4: нет | C4: 2 | D4: B7NS4224 | E4: 1 | I4: 44743 | K4: 0 | L4: 12 | Q4: Серьезные поломки: | R4: =SUM(G16:G24) -> 11
B5: нет | C5: 3 | D5: B7NS4225 | E5: 1 | I5: 44743 | K5: 0 | L5: 11 | P5: Гамма | Q5: Кнопки и прочие мелочи: | R5: =SUM(F25:F58) -> 13
B6: нет | C6: 4 | D6: B7NS4226 | E6: 1 | I6: 44743 | K6: 0 | L6: 11 | Q6: Серьезные поломки: | R6: =SUM(G25:G58) -> 11
B7: нет | C7: 5 | D7: B7NS4227 | E7: 1 | I7: 44743 | K7: 0 | L7: 12 | P7: Сигма | Q7: Кнопки и прочие мелочи: | R7: =SUM(F59:F138) -> 6
B8: нет | C8: 6 | D8: B7NS4228 | E8: 1 | I8: 44743 | K8: 0 | L8: 3 | Q8: Серьезные поломки: | R8: =SUM(G59:G138) -> 13
B9: нет | C9: 7 | D9: B7NS4229 | E9: 1 | I9: 44743 | K9: 0 | L9: 3 | P9: Омега | Q9: Кнопки и прочие мелочи: | R9: =SUM(F139:F146) -> 1
B10: нет | C10: 8 | D10: B7NS4230 | E10: 1 | I10: 44743 | K10: 0 | L10: 3 | Q10: Серьезные поломки: | R10: =SUM(G139:G146) -> 1
B11: нет | C11: 9 | D11: B7NS4231 | E11: 1 | I11: 44743 | K11: 0 | L11: 11 | P11: Парусная | Q11: Кнопки и прочие мелочи: | R11: =SUM(F147:F150) -> 0
B12: нет | C12: 10 | D12: B7NS4232 | E12: 1 | I12: 44743 | K12: 0 | L12: 11 | Q12: Серьезные поломки: | R12: =SUM(G147:G150) -> 0
B13: нет | C13: 11 | D13: B7NS4233 | E13: 1 | I13: 44743 | K13: 1 | L13: 13 | P13: Пульсар | Q13: Кнопки и прочие мелочи: | R13: =SUM(F3:F15) -> 0
B14: нет | C14: 12 | D14: B7NS4234 | E14: 1 | I14: 44743 | K14: 0 | L14: 2 | Q14: Серьезные поломки: | R14: =SUM(G3:G15) -> 0
B15: нет | C15: 13 | D15: B7NS4235 | E15: 1 | I15: 44743 | K15: 0 | L15: 2
A16: Дельта Сириус | B16: нет | C16: 1 | D16: 20110288-1 | E16: 1 | I16: 44743 | J16: 44467 | K16: 0 | L16: 9 | Q16: Расходники | R16: =SUM(R3,R5,R7,R9,R11,R13) -> 24
B17: нет | C17: 2 | D17: 20110288-2 | E17: 1 | G17: 2 | I17: 44743 | J17: 44467 | K17: 0 | L17: 9 | Q17: Серьезные поломки | R17: =SUM(R4,R6,R8,R10,R12,R14) -> 36
B18: нет | C18: 3 | D18: 20110288-3 | E18: 1 | F18: 1 | G18: 1 | I18: 44743 | J18: 44467 | K18: 0 | L18: 9 | Q18: Итого | R18: =SUM(R16,R17) -> 60
B19: нет | C19: 4 | D19: 20110288-4 | E19: 1 | I19: 44743 | J19: 44467 | K19: 1 | L19: 9
B20: нет | C20: 5 | D20: 20110288-5 | E20: 1 | I20: 44743 | J20: 44467 | K20: 1 | L20: 9
B21: нет | C21: 6 | D21: 20110288-6 | E21: 1 | I21: 44743 | J21: 44467 | K21: 1 | L21: 10
B22: нет | C22: 7 | D22: 20110288-7 | E22: 1 | F22: 2 | G22: 4 | I22: 44743 | J22: 44467 | K22: 1 | L22: 10
B23: нет | C23: 8 | D23: 20110288-8 | E23: 1 | F23: 1 | G23: 1 | H23: автомат в вру | I23: 44743 | J23: 44467 | K23: 0 | L23: 3
B24: нет | C24: 9 | D24: 20110288-9 | E24: 1 | G24: 3 | I24: 44743 | J24: 44467 | K24: 0 | L24: 3
A25: Гамма Сириус | B25: 1\1 | C25: 1 | D25: B7NS3809 | E25: 1 | F25: 2 | G25: 1 | I25: 44743 | J25: 44538 | K25: 0 | L25: 5
B26: 1\2 | C26: 2 | D26: 708509 | E26: 1 | G26: 2 | I26: 44743 | J26: 44538 | K26: 0 | L26: 5
B27: 1\2 | C27: 3 | D27: 708511 | E27: 1 | I27: 44743 | J27: 44538 | K27: 0 | L27: 5
B28: 1\3 | C28: 4 | D28: B7NS3791 | E28: 0 | I28: 44743 | J28: 44538 | K28: 0 | L28: 5
B29: 1\4 | C29: 5 | D29: B7NS3799 | E29: 1 | G29: 2 | I29: 44743 | J29: 44538 | K29: 0 | L29: 5
B30: 1\4 | C30: 6 | D30: B7NS3806 | E30: 1 | I30: 44743 | J30: 44538 | K30: 0 | L30: 5
B31: 1\5 | C31: 7 | D31: B7NS3807 | E31: 1 | I31: 44743 | J31: 44538 | K31: 0 | L31: 5
B32: 8\1 | C32: 1 | D32: B7NS3792 | E32: 1 | I32: 44743 | J32: 44538 | K32: 0 | L32: 5
B33: 8\2 | C33: 2 | D33: B7NS3804 | E33: 1 | I33: 44743 | J33: 44538 | K33: 0 | L33: 5
B34: 8\3 | C34: 3 | D34: B7NS3794 | E34: 1 | F34: 1 | I34: 44743 | J34: 44538 | K34: 0 | L34: 5
B35: 8\4 | C35: 4 | D35: B7NS3795 | E35: 1 | F35: 2 | I35: 44743 | J35: 44538 | K35: 0 | L35: 5
B36: 9\1 | C36: 1 | D36: B7NS3812 | E36: 1 | I36: 44743 | J36: 44538 | K36: 0 | L36: 5
B37: 9\2 | C37: 2 | D37: B79S3811 | E37: 1 | I37: 44743 | J37: 44538 | K37: 0 | L37: 5
B38: 9\3 | C38: 3 | D38: B7NS3810 | E38: 1 | I38: 44743 | J38: 44538 | K38: 0 | L38: 5
B39: 9\4 | C39: 4 | D39: B7NS3808 | E39: 1 | I39: 44743 | J39: 44538 | K39: 0 | L39: 5
B40: 10\1 | C40: 1 | D40: B7NS3801 | E40: 1 | F40: 1 | I40: 44743 | J40: 44538 | K40: 0 | L40: 5
B41: 10\2 | C41: 2 | D41: B7NS3802 | E41: 1 | I41: 44743 | J41: 44538 | K41: 0 | L41: 5
B42: 10\3 | C42: 3 | D42: B7NS3803 | E42: 1 | I42: 44743 | J42: 44538 | K42: 0 | L42: 5
B43: 10\4 | C43: 4 | D43: B7NS3821 | E43: 1 | G43: 3 | I43: 44743 | J43: 44538 | K43: 0 | L43: 5
B44: 10\5 | C44: 5 | D44: B7NS3805 | E44: 1 | I44: 44743 | J44: 44538 | K44: 0 | L44: 5
B45: 11\1 | C45: 1 | D45: B7NS3818 | E45: 1 | I45: 44743 | J45: 44538 | K45: 0 | L45: 5
B46: 11\2 | C46: 2 | D46: B7NS3793 | E46: 1 | I46: 44743 | J46: 44538 | K46: 0 | L46: 5
B47: 11\3 | C47: 3 | D47: B7NS3820 | E47: 1 | I47: 44743 | J47: 44538 | K47: 0 | L47: 5
B48: 11\4 | C48: 4 | D48: B7NS3822 | E48: 1 | F48: 1 | I48: 44743 | J48: 44538 | K48: 0 | L48: 5
B49: 12\1 | C49: 1 | D49: B7NS3796 | E49: 1 | F49: 1 | I49: 44743 | J49: 44538 | K49: 0 | L49: 5
B50: 12\2 | C50: 2 | D50: B7NS3797 | E50: 1 | I50: 44743 | J50: 44538 | K50: 0 | L50: 5
B51: 12\3 | C51: 3 | D51: B7NS3798 | E51: 1 | F51: 1 | I51: 44743 | J51: 44538 | K51: 0 | L51: 5
B52: 12\4 | C52: 4 | D52: B7NS3818 | E52: 1 | F52: 2 | G52: 1 | I52: 44743 | J52: 44538 | K52: 0 | L52: 5
B53: 14\1 | C53: 1 | D53: B7NS3787 | E53: 1 | G53: 1 | I53: 44743 | J53: 44538 | K53: 0 | L53: 5
B54: 15\1 | C54: 1 | D54: B7NS3885 | E54: 1 | G54: 1 | I54: 44743 | J54: 44538 | K54: 0 | L54: 5
B55: 16\1 | C55: 1 | D55: B7NS3786 | E55: 1 | F55: 1 | I55: 44743 | J55: 44538 | K55: 0 | L55: 5
B56: 17\1 | C56: 1 | D56: B7NS3888 | E56: 1 | F56: 1 | I56: 44743 | J56: 44538 | K56: 0 | L56: 5
B57: 18\1 | C57: 1 | D57: B7NS3789 | E57: 1 | I57: 44743 | J57: 44538 | K57: 0 | L57: 5
B58: 19\1 | C58: 1 | D58: B7NS3790 | E58: 1 | I58: 44743 | J58: 44538 | K58: 0 | L58: 5
A59: Сигма А (38 шт.) | B59: 1\1 | C59: 1 | D59: B7NS3901 | E59: 1 | I59: 44743 | J59: 44575 | K59: 0 | L59: 5
B60: 1\2 | C60: 2 | D60: B7NS3902 | E60: 1 | I60: 44743 | J60: 44575 | K60: 0 | L60: 5
B61: 1\3 | C61: 3 | D61: B7NS3903 | E61: 1 | I61: 44743 | J61: 44575 | K61: 0 | L61: 5
B62: 1\4 | C62: 4 | D62: B7NS3904 | E62: 1 | G62: 2 | I62: 44743 | J62: 44575 | K62: 0 | L62: 5
B63: 3\1 | C63: 1 | D63: B7NS3961 | E63: 1 | F63: 2 | I63: 44743 | J63: 44575 | K63: 0 | L63: 5
B64: 3\2 | C64: 2 | D64: B7NS3963 | E64: 1 | I64: 44743 | J64: 44575 | K64: 0 | L64: 5
B65: 3\3 | C65: 3 | D65: B7NS3951 | E65: 1 | F65: 1 | I65: 44743 | J65: 44575 | K65: 0 | L65: 5
B66: 3\4 | C66: 4 | D66: B7NS3960 | E66: 1 | I66: 44743 | J66: 44575 | K66: 0 | L66: 5
B67: 3\5 | C67: 5 | D67: B7NS3965 | E67: 1 | I67: 44743 | J67: 44575 | K67: 0 | L67: 5
B68: 4\1 | C68: 1 | D68: B7NS3964 | E68: 1 | I68: 44743 | J68: 44575 | K68: 0 | L68: 5
B69: 4\2 | C69: 2 | D69: B7NS3966 | E69: 1 | I69: 44743 | J69: 44575 | K69: 0 | L69: 5
B70: 4\3 | C70: 3 | D70: B7NS3962 | E70: 1 | I70: 44743 | J70: 44575 | K70: 0 | L70: 5
B71: 5\1 | C71: 1 | D71: B7NS3919 | E71: 1 | I71: 44743 | J71: 44575 | K71: 0 | L71: 5
B72: 5\2 | C72: 2 | D72: B7NS3918 | E72: 1 | I72: 44743 | J72: 44575 | K72: 0 | L72: 5
B73: 5\2 | C73: 3 | D73: 708514 | E73: 1 | I73: 44743 | J73: 44575 | K73: 0 | L73: 5
B74: 5\3 | C74: 4 | D74: B7NS3917 | E74: 1 | I74: 44743 | J74: 44575 | K74: 0 | L74: 5
B75: 5\4 | C75: 5 | D75: B7NS3920 | E75: 1 | I75: 44743 | J75: 44575 | K75: 0 | L75: 5
B76: 5\4 | C76: 6 | D76: 708513 | E76: 1 | I76: 44743 | J76: 44575 | K76: 0 | L76: 5
B77: 5\5 | C77: 7 | D77: B7NS3921 | E77: 1 | I77: 44743 | J77: 44575 | K77: 0 | L77: 5
B78: 6\1 | C78: 1 | D78: B7NS3922 | E78: 1 | I78: 44743 | J78: 44575 | K78: 0 | L78: 5
B79: 6\2 | C79: 2 | D79: B7NS3923 | E79: 1 | I79: 44743 | J79: 44575 | K79: 0 | L79: 5
B80: 6\3 | C80: 3 | D80: B7NS3924 | E80: 1 | I80: 44743 | J80: 44575 | K80: 0 | L80: 5
B81: 7\1 | C81: 1 | D81: B7NS3927 | E81: 1 | I81: 44743 | J81: 44575 | K81: 0 | L81: 5
B82: 7\2 | C82: 2 | D82: B7NS3928 | E82: 1 | I82: 44743 | J82: 44575 | K82: 0 | L82: 5
B83: 7\3 | C83: 3 | D83: B7NS3954 | E83: 1 | I83: 44743 | J83: 44575 | K83: 0 | L83: 5
B84: 7\4 | C84: 4 | D84: B7NS3955 | E84: 1 | I84: 44743 | J84: 44575 | K84: 0 | L84: 5
B85: 8\1 | C85: 1 | D85: B7NS3929 | E85: 1 | I85: 44743 | J85: 44575 | K85: 0 | L85: 5
B86: 8\2 | C86: 2 | D86: B7NS3930 | E86: 1 | I86: 44743 | J86: 44575 | K86: 0 | L86: 5
B87: 8\3 | C87: 3 | D87: B7NS3931 | E87: 1 | I87: 44743 | J87: 44575 | K87: 0 | L87: 5
B88: 8\4 | C88: 4 | D88: B7NS3932 | E88: 1 | I88: 44743 | J88: 44575 | K88: 0 | L88: 5
B89: 9\1 | C89: 1 | D89: B7NS3933 | E89: 1 | I89: 44743 | J89: 44575 | K89: 0 | L89: 5
B90: 9\2 | C90: 2 | D90: B7NS3934 | E90: 1 | G90: 1 | I90: 44743 | J90: 44575 | K90: 0 | L90: 5
B91: 9\3 | C91: 3 | D91: B7NS3935 | E91: 1 | I91: 44743 | J91: 44575 | K91: 0 | L91: 5
B92: 9\4 | C92: 4 | D92: B7NS3936 | E92: 1 | I92: 44743 | J92: 44575 | K92: 0 | L92: 5
B93: 9\5 | C93: 5 | D93: B7NS3937 | E93: 1 | I93: 44743 | J93: 44575 | K93: 0 | L93: 5
B94: 10\1 | C94: 1 | D94: B7NS3938 | E94: 1 | I94: 44743 | J94: 44575 | K94: 0 | L94: 5
B95: 10\2 | C95: 2 | D95: B7NS3939 | E95: 1 | I95: 44743 | J95: 44575 | K95: 0 | L95: 5
B96: 10\3 | C96: 3 | D96: B7NS3940 | E96: 1 | I96: 44743 | J96: 44575 | K96: 0 | L96: 5
A97: Сигма Б(28 шт),В(8 шт.) | B97: 11\1 | C97: 1 | D97: 707362 | E97: 0 | I97: 44743 | J97: 44575 | K97: 0 | L97: 5
B98: 11\2 | C98: 2 | D98: 707388 | E98: 0 | I98: 44743 | J98: 44575 | K98: 0 | L98: 5
B99: 11\3 | C99: 3 | D99: 707389 | E99: 0 | I99: 44743 | J99: 44575 | K99: 0 | L99: 5
B100: 11\4 | C100: 4 | D100: 707390 | E100: 0 | I100: 44743 | J100: 44575 | K100: 0 | L100: 5
...

Sheet Март 2022
A1: Сводная таблица всех лифтов Департамента управления гостиницами
A2: Название Объекта | B2: Номер корпуса\секции | C2: Номер лифта (порядковый) | D2: Номер лифта(заводской) | E2: В Работе\отключен | F2: Заявки по замене расходных материалов(кнопки, тросики, лампы) | G2: Заявки по застреваниям и поломкам лифтов | H2: Краткое описание проблем | I2: Дата ближайшего тех.освидетельствования | J2: Дата окончания страховки | K2: Лифт для ППП | L2: Кол-во остановок
A3: Пульсар | B3: нет | C3: 1 | D3: B7NS4223 | E3: 1 | F3: 1 | I3: 44743 | K3: 1 | L3: 13 | P3: Дельта | Q3: Кнопки и прочие мелочи: | R3: =SUM(F16:F24) -> 2
B4: нет | C4: 2 | D4: B7NS4224 | E4: 1 | I4: 44743 | K4: 0 | L4: 12 | Q4: Серьезные поломки: | R4: =SUM(G16:G24) -> 5
B5: нет | C5: 3 | D5: B7NS4225 | E5: 1 | I5: 44743 | K5: 0 | L5: 11 | P5: Гамма | Q5: Кнопки и прочие мелочи: | R5: =SUM(F25:F58) -> 12
B6: нет | C6: 4 | D6: B7NS4226 | E6: 1 | I6: 44743 | K6: 0 | L6: 11 | Q6: Серьезные поломки: | R6: =SUM(G25:G58) -> 9
B7: нет | C7: 5 | D7: B7NS4227 | E7: 1 | I7: 44743 | K7: 0 | L7: 12 | P7: Сигма | Q7: Кнопки и прочие мелочи: | R7: =SUM(F59:F138) -> 10
B8: нет | C8: 6 | D8: B7NS4228 | E8: 1 | I8: 44743 | K8: 0 | L8: 3 | Q8: Серьезные поломки: | R8: =SUM(G59:G138) -> 13
B9: нет | C9: 7 | D9: B7NS4229 | E9: 1 | I9: 44743 | K9: 0 | L9: 3 | P9: Омега | Q9: Кнопки и прочие мелочи: | R9: =SUM(F139:F146) -> 1
B10: нет | C10: 8 | D10: B7NS4230 | E10: 1 | I10: 44743 | K10: 0 | L10: 3 | Q10: Серьезные поломки: | R10: =SUM(G139:G146) -> 5
B11: нет | C11: 9 | D11: B7NS4231 | E11: 1 | G11: 1 | I11: 44743 | K11: 0 | L11: 11 | P11: Парусная | Q11: Кнопки и прочие мелочи: | R11: =SUM(F147:F150) -> 0
B12: нет | C12: 10 | D12: B7NS4232 | E12: 1 | I12: 44743 | K12: 0 | L12: 11 | Q12: Серьезные поломки: | R12: =SUM(G147:G150) -> 0
B13: нет | C13: 11 | D13: B7NS4233 | E13: 1 | I13: 44743 | K13: 1 | L13: 13 | P13: Пульсар | Q13: Кнопки и прочие мелочи: | R13: =SUM(F3:F15) -> 1
B14: нет | C14: 12 | D14: B7NS4234 | E14: 1 | I14: 44743 | K14: 0 | L14: 2 | Q14: Серьезные поломки: | R14: =SUM(G3:G15) -> 1
B15: нет | C15: 13 | D15: B7NS4235 | E15: 1 | I15: 44743 | K15: 0 | L15: 2
A16: Дельта Сириус | B16: нет | C16: 1 | D16: 20110288-1 | E16: 1 | G16: 1 | I16: 44743 | J16: 44467 | K16: 0 | L16: 9 | Q16: Расходники | R16: =SUM(R3,R5,R7,R9,R11,R13) -> 26
B17: нет | C17: 2 | D17: 20110288-2 | E17: 1 | I17: 44743 | J17: 44467 | K17: 0 | L17: 9 | Q17: Серьезные поломки | R17: =SUM(R4,R6,R8,R10,R12,R14) -> 33
B18: нет | C18: 3 | D18: 20110288-3 | E18: 1 | G18: 1 | I18: 44743 | J18: 44467 | K18: 0 | L18: 9 | Q18: Итого | R18: =SUM(R16,R17) -> 59
B19: нет | C19: 4 | D19: 20110288-4 | E19: 1 | I19: 44743 | J19: 44467 | K19: 1 | L19: 9
B20: нет | C20: 5 | D20: 20110288-5 | E20: 1 | I20: 44743 | J20: 44467 | K20: 1 | L20: 9
B21: нет | C21: 6 | D21: 20110288-6 | E21: 1 | F21: 1 | G21: 2 | I21: 44743 | J21: 44467 | K21: 1 | L21: 10
B22: нет | C22: 7 | D22: 20110288-7 | E22: 1 | F22: 1 | I22: 44743 | J22: 44467 | K22: 1 | L22: 10
B23: нет | C23: 8 | D23: 20110288-8 | E23: 1 | G23: 1 | I23: 44743 | J23: 44467 | K23: 0 | L23: 3
B24: нет | C24: 9 | D24: 20110288-9 | E24: 1 | I24: 44743 | J24: 44467 | K24: 0 | L24: 3
A25: Гамма Сириус | B25: 1\1 | C25: 1 | D25: B7NS3809 | E25: 1 | I25: 44743 | J25: 44538 | K25: 0 | L25: 5
B26: 1\2 | C26: 2 | D26: 708509 | E26: 1 | G26: 1 | I26: 44743 | J26: 44538 | K26: 0 | L26: 5
B27: 1\2 | C27: 3 | D27: 708511 | E27: 1 | I27: 44743 | J27: 44538 | K27: 0 | L27: 5
B28: 1\3 | C28: 4 | D28: B7NS3791 | E28: 0 | I28: 44743 | J28: 44538 | K28: 0 | L28: 5
B29: 1\4 | C29: 5 | D29: B7NS3799 | E29: 1 | I29: 44743 | J29: 44538 | K29: 0 | L29: 5
B30: 1\4 | C30: 6 | D30: B7NS3806 | E30: 1 | I30: 44743 | J30: 44538 | K30: 0 | L30: 5
B31: 1\5 | C31: 7 | D31: B7NS3807 | E31: 1 | F31: 1 | I31: 44743 | J31: 44538 | K31: 0 | L31: 5
B32: 8\1 | C32: 1 | D32: B7NS3792 | E32: 1 | I32: 44743 | J32: 44538 | K32: 0 | L32: 5
B33: 8\2 | C33: 2 | D33: B7NS3804 | E33: 1 | F33: 1 | I33: 44743 | J33: 44538 | K33: 0 | L33: 5
B34: 8\3 | C34: 3 | D34: B7NS3794 | E34: 1 | F34: 1 | I34: 44743 | J34: 44538 | K34: 0 | L34: 5
B35: 8\4 | C35: 4 | D35: B7NS3795 | E35: 1 | I35: 44743 | J35: 44538 | K35: 0 | L35: 5
B36: 9\1 | C36: 1 | D36: B7NS3812 | E36: 1 | I36: 44743 | J36: 44538 | K36: 0 | L36: 5
B37: 9\2 | C37: 2 | D37: B79S3811 | E37: 1 | F37: 1 | I37: 44743 | J37: 44538 | K37: 0 | L37: 5
B38: 9\3 | C38: 3 | D38: B7NS3810 | E38: 1 | I38: 44743 | J38: 44538 | K38: 0 | L38: 5
B39: 9\4 | C39: 4 | D39: B7NS3808 | E39: 1 | F39: 1 | G39: 1 | I39: 44743 | J39: 44538 | K39: 0 | L39: 5
B40: 10\1 | C40: 1 | D40: B7NS3801 | E40: 1 | G40: 1 | I40: 44743 | J40: 44538 | K40: 0 | L40: 5
B41: 10\2 | C41: 2 | D41: B7NS3802 | E41: 1 | F41: 1 | I41: 44743 | J41: 44538 | K41: 0 | L41: 5
B42: 10\3 | C42: 3 | D42: B7NS3803 | E42: 1 | I42: 44743 | J42: 44538 | K42: 0 | L42: 5
B43: 10\4 | C43: 4 | D43: B7NS3821 | E43: 1 | I43: 44743 | J43: 44538 | K43: 0 | L43: 5
B44: 10\5 | C44: 5 | D44: B7NS3805 | E44: 1 | I44: 44743 | J44: 44538 | K44: 0 | L44: 5
B45: 11\1 | C45: 1 | D45: B7NS3818 | E45: 1 | F45: 2 | I45: 44743 | J45: 44538 | K45: 0 | L45: 5
B46: 11\2 | C46: 2 | D46: B7NS3793 | E46: 1 | I46: 44743 | J46: 44538 | K46: 0 | L46: 5
B47: 11\3 | C47: 3 | D47: B7NS3820 | E47: 1 | I47: 44743 | J47: 44538 | K47: 0 | L47: 5
B48: 11\4 | C48: 4 | D48: B7NS3822 | E48: 1 | I48: 44743 | J48: 44538 | K48: 0 | L48: 5
B49: 12\1 | C49: 1 | D49: B7NS3796 | E49: 1 | I49: 44743 | J49: 44538 | K49: 0 | L49: 5
B50: 12\2 | C50: 2 | D50: B7NS3797 | E50: 1 | I50: 44743 | J50: 44538 | K50: 0 | L50: 5
B51: 12\3 | C51: 3 | D51: B7NS3798 | E51: 1 | I51: 44743 | J51: 44538 | K51: 0 | L51: 5
B52: 12\4 | C52: 4 | D52: B7NS3818 | E52: 1 | F52: 1 | G52: 1 | I52: 44743 | J52: 44538 | K52: 0 | L52: 5
B53: 14\1 | C53: 1 | D53: B7NS3787 | E53: 1 | I53: 44743 | J53: 44538 | K53: 0 | L53: 5
B54: 15\1 | C54: 1 | D54: B7NS3885 | E54: 1 | F54: 1 | G54: 1 | I54: 44743 | J54: 44538 | K54: 0 | L54: 5
B55: 16\1 | C55: 1 | D55: B7NS3786 | E55: 1 | F55: 1 | I55: 44743 | J55: 44538 | K55: 0 | L55: 5
B56: 17\1 | C56: 1 | D56: B7NS3888 | E56: 1 | I56: 44743 | J56: 44538 | K56: 0 | L56: 5
B57: 18\1 | C57: 1 | D57: B7NS3789 | E57: 1 | F57: 1 | G57: 2 | I57: 44743 | J57: 44538 | K57: 0 | L57: 5
B58: 19\1 | C58: 1 | D58: B7NS3790 | E58: 1 | G58: 2 | I58: 44743 | J58: 44538 | K58: 0 | L58: 5
A59: Сигма А (38 шт.) | B59: 1\1 | C59: 1 | D59: B7NS3901 | E59: 1 | I59: 44743 | J59: 44575 | K59: 0 | L59: 5
B60: 1\2 | C60: 2 | D60: B7NS3902 | E60: 1 | I60: 44743 | J60: 44575 | K60: 0 | L60: 5
B61: 1\3 | C61: 3 | D61: B7NS3903 | E61: 1 | I61: 44743 | J61: 44575 | K61: 0 | L61: 5
B62: 1\4 | C62: 4 | D62: B7NS3904 | E62: 1 | G62: 2 | I62: 44743 | J62: 44575 | K62: 0 | L62: 5
B63: 3\1 | C63: 1 | D63: B7NS3961 | E63: 1 | G63: 1 | I63: 44743 | J63: 44575 | K63: 0 | L63: 5
B64: 3\2 | C64: 2 | D64: B7NS3963 | E64: 1 | I64: 44743 | J64: 44575 | K64: 0 | L64: 5
B65: 3\3 | C65: 3 | D65: B7NS3951 | E65: 1 | I65: 44743 | J65: 44575 | K65: 0 | L65: 5
B66: 3\4 | C66: 4 | D66: B7NS3960 | E66: 1 | I66: 44743 | J66: 44575 | K66: 0 | L66: 5
B67: 3\5 | C67: 5 | D67: B7NS3965 | E67: 1 | I67: 44743 | J67: 44575 | K67: 0 | L67: 5
B68: 4\1 | C68: 1 | D68: B7NS3964 | E68: 1 | I68: 44743 | J68: 44575 | K68: 0 | L68: 5
B69: 4\2 | C69: 2 | D69: B7NS3966 | E69: 1 | I69: 44743 | J69: 44575 | K69: 0 | L69: 5
B70: 4\3 | C70: 3 | D70: B7NS3962 | E70: 1 | I70: 44743 | J70: 44575 | K70: 0 | L70: 5
B71: 5\1 | C71: 1 | D71: B7NS3919 | E71: 1 | I71: 44743 | J71: 44575 | K71: 0 | L71: 5
B72: 5\2 | C72: 2 | D72: B7NS3918 | E72: 1 | I72: 44743 | J72: 44575 | K72: 0 | L72: 5
B73: 5\2 | C73: 3 | D73: 708514 | E73: 1 | I73: 44743 | J73: 44575 | K73: 0 | L73: 5
B74: 5\3 | C74: 4 | D74: B7NS3917 | E74: 1 | I74: 44743 | J74: 44575 | K74: 0 | L74: 5
B75: 5\4 | C75: 5 | D75: B7NS3920 | E75: 1 | I75: 44743 | J75: 44575 | K75: 0 | L75: 5
B76: 5\4 | C76: 6 | D76: 708513 | E76: 1 | I76: 44743 | J76: 44575 | K76: 0 | L76: 5
B77: 5\5 | C77: 7 | D77: B7NS3921 | E77: 1 | I77: 44743 | J77: 44575 | K77: 0 | L77: 5
B78: 6\1 | C78: 1 | D78: B7NS3922 | E78: 1 | I78: 44743 | J78: 44575 | K78: 0 | L78: 5
B79: 6\2 | C79: 2 | D79: B7NS3923 | E79: 1 | I79: 44743 | J79: 44575 | K79: 0 | L79: 5
B80: 6\3 | C80: 3 | D80: B7NS3924 | E80: 1 | I80: 44743 | J80: 44575 | K80: 0 | L80: 5
B81: 7\1 | C81: 1 | D81: B7NS3927 | E81: 1 | I81: 44743 | J81: 44575 | K81: 0 | L81: 5
B82: 7\2 | C82: 2 | D82: B7NS3928 | E82: 1 | I82: 44743 | J82: 44575 | K82: 0 | L82: 5
B83: 7\3 | C83: 3 | D83: B7NS3954 | E83: 1 | I83: 44743 | J83: 44575 | K83: 0 | L83: 5
B84: 7\4 | C84: 4 | D84: B7NS3955 | E84: 1 | I84: 44743 | J84: 44575 | K84: 0 | L84: 5
B85: 8\1 | C85: 1 | D85: B7NS3929 | E85: 1 | I85: 44743 | J85: 44575 | K85: 0 | L85: 5
B86: 8\2 | C86: 2 | D86: B7NS3930 | E86: 1 | I86: 44743 | J86: 44575 | K86: 0 | L86: 5
B87: 8\3 | C87: 3 | D87: B7NS3931 | E87: 1 | I87: 44743 | J87: 44575 | K87: 0 | L87: 5
B88: 8\4 | C88: 4 | D88: B7NS3932 | E88: 1 | I88: 44743 | J88: 44575 | K88: 0 | L88: 5
B89: 9\1 | C89: 1 | D89: B7NS3933 | E89: 1 | G89: 1 | I89: 44743 | J89: 44575 | K89: 0 | L89: 5
B90: 9\2 | C90: 2 | D90: B7NS3934 | E90: 1 | I90: 44743 | J90: 44575 | K90: 0 | L90: 5
B91: 9\3 | C91: 3 | D91: B7NS3935 | E91: 1 | I91: 44743 | J91: 44575 | K91: 0 | L91: 5
B92: 9\4 | C92: 4 | D92: B7NS3936 | E92: 1 | I92: 44743 | J92: 44575 | K92: 0 | L92: 5
B93: 9\5 | C93: 5 | D93: B7NS3937 | E93: 1 | I93: 44743 | J93: 44575 | K93: 0 | L93: 5
B94: 10\1 | C94: 1 | D94: B7NS3938 | E94: 1 | I94: 44743 | J94: 44575 | K94: 0 | L94: 5
B95: 10\2 | C95: 2 | D95: B7NS3939 | E95: 1 | I95: 44743 | J95: 44575 | K95: 0 | L95: 5
B96: 10\3 | C96: 3 | D96: B7NS3940 | E96: 1 | I96: 44743 | J96: 44575 | K96: 0 | L96: 5
A97: Сигма Б(28 шт),В(8 шт.) | B97: 11\1 | C97: 1 | D97: 707362 | E97: 0 | I97: 44743 | J97: 44575 | K97: 0 | L97: 5
B98: 11\2 | C98: 2 | D98: 707388 | E98: 0 | I98: 44743 | J98: 44575 | K98: 0 | L98: 5
B99: 11\3 | C99: 3 | D99: 707389 | E99: 0 | I99: 44743 | J99: 44575 | K99: 0 | L99: 5
B100: 11\4 | C100: 4 | D100: 707390 | E100: 0 | I100: 44743 | J100: 44575 | K100: 0 | L100: 5
...

Sheet Апрель 2022
A1: Сводная таблица всех лифтов Департамента управления гостиницами
A2: Название Объекта | B2: Номер корпуса\секции | C2: Номер лифта (порядковый) | D2: Номер лифта(заводской) | E2: В Работе\отключен | F2: Заявки по замене расходных материалов(кнопки, тросики, лампы) | G2: Заявки по застреваниям и поломкам лифтов | H2: Краткое описание проблем | I2: Дата ближайшего тех.освидетельствования | J2: Дата окончания страховки | K2: Лифт для ППП | L2: Кол-во остановок
A3: Пульсар | B3: нет | C3: 1 | D3: B7NS4223 | E3: 1 | I3: 44743 | K3: 1 | L3: 13 | P3: Дельта | Q3: Кнопки и прочие мелочи: | R3: =SUM(F16:F24) -> 1
B4: нет | C4: 2 | D4: B7NS4224 | E4: 1 | I4: 44743 | K4: 0 | L4: 12 | Q4: Серьезные поломки: | R4: =SUM(G16:G24) -> 8
B5: нет | C5: 3 | D5: B7NS4225 | E5: 1 | I5: 44743 | K5: 0 | L5: 11 | P5: Гамма | Q5: Кнопки и прочие мелочи: | R5: =SUM(F25:F58) -> 12
B6: нет | C6: 4 | D6: B7NS4226 | E6: 1 | I6: 44743 | K6: 0 | L6: 11 | Q6: Серьезные поломки: | R6: =SUM(G25:G58) -> 9
B7: нет | C7: 5 | D7: B7NS4227 | E7: 1 | I7: 44743 | K7: 0 | L7: 12 | P7: Сигма | Q7: Кнопки и прочие мелочи: | R7: =SUM(F59:F138) -> 4
B8: нет | C8: 6 | D8: B7NS4228 | E8: 1 | I8: 44743 | K8: 0 | L8: 3 | Q8: Серьезные поломки: | R8: =SUM(G59:G138) -> 13
B9: нет | C9: 7 | D9: B7NS4229 | E9: 1 | I9: 44743 | K9: 0 | L9: 3 | P9: Омега | Q9: Кнопки и прочие мелочи: | R9: =SUM(F139:F146) -> 0
B10: нет | C10: 8 | D10: B7NS4230 | E10: 1 | I10: 44743 | K10: 0 | L10: 3 | Q10: Серьезные поломки: | R10: =SUM(G139:G146) -> 3
B11: нет | C11: 9 | D11: B7NS4231 | E11: 1 | I11: 44743 | K11: 0 | L11: 11 | P11: Парусная | Q11: Кнопки и прочие мелочи: | R11: =SUM(F147:F150) -> 0
B12: нет | C12: 10 | D12: B7NS4232 | E12: 1 | I12: 44743 | K12: 0 | L12: 11 | Q12: Серьезные поломки: | R12: =SUM(G147:G150) -> 0
B13: нет | C13: 11 | D13: B7NS4233 | E13: 1 | I13: 44743 | K13: 1 | L13: 13 | P13: Пульсар | Q13: Кнопки и прочие мелочи: | R13: =SUM(F3:F15) -> 0
B14: нет | C14: 12 | D14: B7NS4234 | E14: 1 | I14: 44743 | K14: 0 | L14: 2 | Q14: Серьезные поломки: | R14: =SUM(G3:G15) -> 0
B15: нет | C15: 13 | D15: B7NS4235 | E15: 1 | I15: 44743 | K15: 0 | L15: 2
A16: Дельта Сириус | B16: нет | C16: 1 | D16: 20110288-1 | E16: 1 | G16: 1 | I16: 44743 | J16: 44467 | K16: 0 | L16: 9 | Q16: Расходники | R16: =SUM(R3,R5,R7,R9,R11,R13) -> 17
B17: нет | C17: 2 | D17: 20110288-2 | E17: 1 | F17: 1 | G17: 1 | H17: лампа | I17: 44743 | J17: 44467 | K17: 0 | L17: 9 | Q17: Серьезные поломки | R17: =SUM(R4,R6,R8,R10,R12,R14) -> 33
B18: нет | C18: 3 | D18: 20110288-3 | E18: 1 | G18: 1 | I18: 44743 | J18: 44467 | K18: 0 | L18: 9 | Q18: Итого | R18: =SUM(R16,R17) -> 50
B19: нет | C19: 4 | D19: 20110288-4 | E19: 1 | I19: 44743 | J19: 44467 | K19: 1 | L19: 9
B20: нет | C20: 5 | D20: 20110288-5 | E20: 1 | I20: 44743 | J20: 44467 | K20: 1 | L20: 9
B21: нет | C21: 6 | D21: 20110288-6 | E21: 1 | I21: 44743 | J21: 44467 | K21: 1 | L21: 10
B22: нет | C22: 7 | D22: 20110288-7 | E22: 1 | G22: 3 | I22: 44743 | J22: 44467 | K22: 1 | L22: 10
B23: нет | C23: 8 | D23: 20110288-8 | E23: 1 | G23: 1 | I23: 44743 | J23: 44467 | K23: 0 | L23: 3
B24: нет | C24: 9 | D24: 20110288-9 | E24: 1 | G24: 1 | I24: 44743 | J24: 44467 | K24: 0 | L24: 3
A25: Гамма Сириус | B25: 1\1 | C25: 1 | D25: B7NS3809 | E25: 1 | F25: 1 | I25: 44743 | J25: 44538 | K25: 0 | L25: 5
B26: 1\2 | C26: 2 | D26: 708509 | E26: 1 | I26: 44743 | J26: 44538 | K26: 0 | L26: 5
B27: 1\2 | C27: 3 | D27: 708511 | E27: 1 | I27: 44743 | J27: 44538 | K27: 0 | L27: 5
B28: 1\3 | C28: 4 | D28: B7NS3791 | E28: 1 | I28: 44743 | J28: 44538 | K28: 0 | L28: 5
B29: 1\4 | C29: 5 | D29: B7NS3799 | E29: 1 | F29: 1 | I29: 44743 | J29: 44538 | K29: 0 | L29: 5
B30: 1\4 | C30: 6 | D30: B7NS3806 | E30: 1 | I30: 44743 | J30: 44538 | K30: 0 | L30: 5
B31: 1\5 | C31: 7 | D31: B7NS3807 | E31: 1 | I31: 44743 | J31: 44538 | K31: 0 | L31: 5
B32: 8\1 | C32: 1 | D32: B7NS3792 | E32: 1 | F32: 1 | H32: поручень | I32: 44743 | J32: 44538 | K32: 0 | L32: 5
B33: 8\2 | C33: 2 | D33: B7NS3804 | E33: 1 | G33: 1 | I33: 44743 | J33: 44538 | K33: 0 | L33: 5
B34: 8\3 | C34: 3 | D34: B7NS3794 | E34: 1 | I34: 44743 | J34: 44538 | K34: 0 | L34: 5
B35: 8\4 | C35: 4 | D35: B7NS3795 | E35: 1 | G35: 1 | I35: 44743 | J35: 44538 | K35: 0 | L35: 5
B36: 9\1 | C36: 1 | D36: B7NS3812 | E36: 1 | I36: 44743 | J36: 44538 | K36: 0 | L36: 5
B37: 9\2 | C37: 2 | D37: B79S3811 | E37: 1 | G37: 1 | I37: 44743 | J37: 44538 | K37: 0 | L37: 5
B38: 9\3 | C38: 3 | D38: B7NS3810 | E38: 1 | F38: 1 | I38: 44743 | J38: 44538 | K38: 0 | L38: 5
B39: 9\4 | C39: 4 | D39: B7NS3808 | E39: 1 | I39: 44743 | J39: 44538 | K39: 0 | L39: 5
B40: 10\1 | C40: 1 | D40: B7NS3801 | E40: 1 | I40: 44743 | J40: 44538 | K40: 0 | L40: 5
B41: 10\2 | C41: 2 | D41: B7NS3802 | E41: 1 | I41: 44743 | J41: 44538 | K41: 0 | L41: 5
B42: 10\3 | C42: 3 | D42: B7NS3803 | E42: 1 | G42: 1 | I42: 44743 | J42: 44538 | K42: 0 | L42: 5
B43: 10\4 | C43: 4 | D43: B7NS3821 | E43: 1 | I43: 44743 | J43: 44538 | K43: 0 | L43: 5
B44: 10\5 | C44: 5 | D44: B7NS3805 | E44: 1 | I44: 44743 | J44: 44538 | K44: 0 | L44: 5
B45: 11\1 | C45: 1 | D45: B7NS3818 | E45: 1 | I45: 44743 | J45: 44538 | K45: 0 | L45: 5
B46: 11\2 | C46: 2 | D46: B7NS3793 | E46: 1 | I46: 44743 | J46: 44538 | K46: 0 | L46: 5
B47: 11\3 | C47: 3 | D47: B7NS3820 | E47: 1 | G47: 1 | I47: 44743 | J47: 44538 | K47: 0 | L47: 5
B48: 11\4 | C48: 4 | D48: B7NS3822 | E48: 1 | F48: 1 | I48: 44743 | J48: 44538 | K48: 0 | L48: 5
B49: 12\1 | C49: 1 | D49: B7NS3796 | E49: 1 | F49: 2 | H49: поручень | I49: 44743 | J49: 44538 | K49: 0 | L49: 5
B50: 12\2 | C50: 2 | D50: B7NS3797 | E50: 1 | G50: 1 | I50: 44743 | J50: 44538 | K50: 0 | L50: 5
B51: 12\3 | C51: 3 | D51: B7NS3798 | E51: 1 | F51: 2 | H51: лампа, поручень | I51: 44743 | J51: 44538 | K51: 0 | L51: 5
B52: 12\4 | C52: 4 | D52: B7NS3818 | E52: 1 | I52: 44743 | J52: 44538 | K52: 0 | L52: 5
B53: 14\1 | C53: 1 | D53: B7NS3787 | E53: 1 | I53: 44743 | J53: 44538 | K53: 0 | L53: 5
B54: 15\1 | C54: 1 | D54: B7NS3885 | E54: 1 | I54: 44743 | J54: 44538 | K54: 0 | L54: 5
B55: 16\1 | C55: 1 | D55: B7NS3786 | E55: 1 | F55: 1 | G55: 1 | I55: 44743 | J55: 44538 | K55: 0 | L55: 5
B56: 17\1 | C56: 1 | D56: B7NS3888 | E56: 1 | F56: 1 | I56: 44743 | J56: 44538 | K56: 0 | L56: 5
B57: 18\1 | C57: 1 | D57: B7NS3789 | E57: 1 | F57: 1 | G57: 2 | I57: 44743 | J57: 44538 | K57: 0 | L57: 5
B58: 19\1 | C58: 1 | D58: B7NS3790 | E58: 1 | I58: 44743 | J58: 44538 | K58: 0 | L58: 5
A59: Сигма А (38 шт.) | B59: 1\1 | C59: 1 | D59: B7NS3901 | E59: 1 | I59: 44743 | J59: 44575 | K59: 0 | L59: 5
B60: 1\2 | C60: 2 | D60: B7NS3902 | E60: 1 | I60: 44743 | J60: 44575 | K60: 0 | L60: 5
B61: 1\3 | C61: 3 | D61: B7NS3903 | E61: 1 | I61: 44743 | J61: 44575 | K61: 0 | L61: 5
B62: 1\4 | C62: 4 | D62: B7NS3904 | E62: 1 | I62: 44743 | J62: 44575 | K62: 0 | L62: 5
B63: 3\1 | C63: 1 | D63: B7NS3961 | E63: 1 | G63: 2 | I63: 44743 | J63: 44575 | K63: 0 | L63: 5
B64: 3\2 | C64: 2 | D64: B7NS3963 | E64: 1 | I64: 44743 | J64: 44575 | K64: 0 | L64: 5
B65: 3\3 | C65: 3 | D65: B7NS3951 | E65: 1 | I65: 44743 | J65: 44575 | K65: 0 | L65: 5
B66: 3\4 | C66: 4 | D66: B7NS3960 | E66: 1 | I66: 44743 | J66: 44575 | K66: 0 | L66: 5
B67: 3\5 | C67: 5 | D67: B7NS3965 | E67: 1 | I67: 44743 | J67: 44575 | K67: 0 | L67: 5
B68: 4\1 | C68: 1 | D68: B7NS3964 | E68: 1 | I68: 44743 | J68: 44575 | K68: 0 | L68: 5
B69: 4\2 | C69: 2 | D69: B7NS3966 | E69: 1 | I69: 44743 | J69: 44575 | K69: 0 | L69: 5
B70: 4\3 | C70: 3 | D70: B7NS3962 | E70: 1 | I70: 44743 | J70: 44575 | K70: 0 | L70: 5
B71: 5\1 | C71: 1 | D71: B7NS3919 | E71: 1 | I71: 44743 | J71: 44575 | K71: 0 | L71: 5
B72: 5\2 | C72: 2 | D72: B7NS3918 | E72: 1 | I72: 44743 | J72: 44575 | K72: 0 | L72: 5
B73: 5\2 | C73: 3 | D73: 708514 | E73: 1 | I73: 44743 | J73: 44575 | K73: 0 | L73: 5
B74: 5\3 | C74: 4 | D74: B7NS3917 | E74: 1 | I74: 44743 | J74: 44575 | K74: 0 | L74: 5
B75: 5\4 | C75: 5 | D75: B7NS3920 | E75: 1 | I75: 44743 | J75: 44575 | K75: 0 | L75: 5
B76: 5\4 | C76: 6 | D76: 708513 | E76: 1 | I76: 44743 | J76: 44575 | K76: 0 | L76: 5
B77: 5\5 | C77: 7 | D77: B7NS3921 | E77: 1 | I77: 44743 | J77: 44575 | K77: 0 | L77: 5
B78: 6\1 | C78: 1 | D78: B7NS3922 | E78: 1 | I78: 44743 | J78: 44575 | K78: 0 | L78: 5
B79: 6\2 | C79: 2 | D79: B7NS3923 | E79: 1 | I79: 44743 | J79: 44575 | K79: 0 | L79: 5
B80: 6\3 | C80: 3 | D80: B7NS3924 | E80: 1 | I80: 44743 | J80: 44575 | K80: 0 | L80: 5
B81: 7\1 | C81: 1 | D81: B7NS3927 | E81: 1 | I81: 44743 | J81: 44575 | K81: 0 | L81: 5
B82: 7\2 | C82: 2 | D82: B7NS3928 | E82: 1 | G82: 1 | I82: 44743 | J82: 44575 | K82: 0 | L82: 5
B83: 7\3 | C83: 3 | D83: B7NS3954 | E83: 1 | I83: 44743 | J83: 44575 | K83: 0 | L83: 5
B84: 7\4 | C84: 4 | D84: B7NS3955 | E84: 1 | I84: 44743 | J84: 44575 | K84: 0 | L84: 5
B85: 8\1 | C85: 1 | D85: B7NS3929 | E85: 1 | I85: 44743 | J85: 44575 | K85: 0 | L85: 5
B86: 8\2 | C86: 2 | D86: B7NS3930 | E86: 1 | I86: 44743 | J86: 44575 | K86: 0 | L86: 5
B87: 8\3 | C87: 3 | D87: B7NS3931 | E87: 1 | I87: 44743 | J87: 44575 | K87: 0 | L87: 5
B88: 8\4 | C88: 4 | D88: B7NS3932 | E88: 1 | I88: 44743 | J88: 44575 | K88: 0 | L88: 5
B89: 9\1 | C89: 1 | D89: B7NS3933 | E89: 1 | I89: 44743 | J89: 44575 | K89: 0 | L89: 5
B90: 9\2 | C90: 2 | D90: B7NS3934 | E90: 1 | I90: 44743 | J90: 44575 | K90: 0 | L90: 5
B91: 9\3 | C91: 3 | D91: B7NS3935 | E91: 1 | I91: 44743 | J91: 44575 | K91: 0 | L91: 5
B92: 9\4 | C92: 4 | D92: B7NS3936 | E92: 1 | F92: 1 | I92: 44743 | J92: 44575 | K92: 0 | L92: 5
B93: 9\5 | C93: 5 | D93: B7NS3937 | E93: 1 | I93: 44743 | J93: 44575 | K93: 0 | L93: 5
B94: 10\1 | C94: 1 | D94: B7NS3938 | E94: 1 | I94: 44743 | J94: 44575 | K94: 0 | L94: 5
B95: 10\2 | C95: 2 | D95: B7NS3939 | E95: 1 | I95: 44743 | J95: 44575 | K95: 0 | L95: 5
B96: 10\3 | C96: 3 | D96: B7NS3940 | E96: 1 | I96: 44743 | J96: 44575 | K96: 0 | L96: 5
A97: Сигма Б(28 шт),В(8 шт.) | B97: 11\1 | C97: 1 | D97: 707362 | E97: 0 | I97: 44743 | J97: 44575 | K97: 0 | L97: 5
B98: 11\2 | C98: 2 | D98: 707388 | E98: 0 | I98: 44743 | J98: 44575 | K98: 0 | L98: 5
B99: 11\3 | C99: 3 | D99: 707389 | E99: 0 | I99: 44743 | J99: 44575 | K99: 0 | L99: 5
B100: 11\4 | C100: 4 | D100: 707390 | E100: 0 | I100: 44743 | J100: 44575 | K100: 0 | L100: 5
...

Sheet Май 2022
A1: Сводная таблица всех лифтов Департамента управления гостиницами
A2: Название Объекта | B2: Номер корпуса\секции | C2: Номер лифта (порядковый) | D2: Номер лифта(заводской) | E2: В Работе\отключен | F2: Заявки по замене расходных материалов(кнопки, тросики, лампы) | G2: Заявки по застреваниям и поломкам лифтов | H2: Краткое описание проблем | I2: Дата ближайшего тех.освидетельствования | J2: Дата окончания страховки | K2: Лифт для ППП | L2: Кол-во остановок | M2: г\п
A3: Апарт-отель | B3: нет | C3: 1 | D3: B7NS4223 | E3: 1 | I3: 44743 | K3: 1 | L3: 13 | M3: 1350 | P3: Дельта | Q3: Кнопки и прочие мелочи: | R3: =SUM(F16:F24) -> 8
B4: нет | C4: 2 | D4: B7NS4224 | E4: 1 | I4: 44743 | K4: 0 | L4: 12 | M4: 800 | Q4: Серьезные поломки: | R4: =SUM(G16:G24) -> 11
B5: нет | C5: 3 | D5: B7NS4225 | E5: 1 | I5: 44743 | K5: 0 | L5: 11 | M5: 800 | P5: Гамма | Q5: Кнопки и прочие мелочи: | R5: =SUM(F25:F58) -> 10
B6: нет | C6: 4 | D6: B7NS4226 | E6: 1 | I6: 44743 | K6: 0 | L6: 11 | M6: 800 | Q6: Серьезные поломки: | R6: =SUM(G25:G58) -> 12
B7: нет | C7: 5 | D7: B7NS4227 | E7: 1 | I7: 44743 | K7: 0 | L7: 12 | M7: 1000 | P7: Сигма | Q7: Кнопки и прочие мелочи: | R7: =SUM(F59:F138) -> 4
B8: нет | C8: 6 | D8: B7NS4228 | E8: 1 | I8: 44743 | K8: 0 | L8: 3 | M8: 800 | Q8: Серьезные поломки: | R8: =SUM(G59:G138) -> 8
B9: нет | C9: 7 | D9: B7NS4229 | E9: 1 | I9: 44743 | K9: 0 | L9: 2 | M9: 250 | P9: Омега | Q9: Кнопки и прочие мелочи: | R9: =SUM(F139:F146) -> 2
B10: нет | C10: 8 | D10: B7NS4230 | E10: 1 | I10: 44743 | K10: 0 | L10: 3 | M10: 1000 | Q10: Серьезные поломки: | R10: =SUM(G139:G146) -> 8
B11: нет | C11: 9 | D11: B7NS4231 | E11: 1 | I11: 44743 | K11: 0 | L11: 3 | M11: 1000 | P11: Парусная | Q11: Кнопки и прочие мелочи: | R11: =SUM(F147:F150) -> 0
B12: нет | C12: 10 | D12: B7NS4232 | E12: 1 | I12: 44743 | K12: 0 | L12: 2 | M12: 250 | Q12: Серьезные поломки: | R12: =SUM(G147:G150) -> 0
B13: нет | C13: 11 | D13: B7NS4233 | E13: 1 | I13: 44743 | K13: 1 | L13: 12 | M13: 800 | P13: Пульсар | Q13: Кнопки и прочие мелочи: | R13: =SUM(F3:F15) -> 0
B14: нет | C14: 12 | D14: B7NS4234 | E14: 1 | I14: 44743 | K14: 0 | L14: 12 | M14: 800 | Q14: Серьезные поломки: | R14: =SUM(G3:G15) -> 0
B15: нет | C15: 13 | D15: B7NS4235 | E15: 1 | I15: 44743 | K15: 0 | L15: 13 | M15: 1350
A16: Дельта Сириус | B16: нет | C16: 1 | D16: 20110288-1 | E16: 1 | I16: 44743 | J16: 44467 | K16: 0 | L16: 9 | M16: 1600 | Q16: Расходники | R16: =SUM(R3,R5,R7,R9,R11,R13) -> 24
B17: нет | C17: 2 | D17: 20110288-2 | E17: 1 | F17: 1 | G17: 2 | I17: 44743 | J17: 44467 | K17: 0 | L17: 9 | M17: 1600 | Q17: Серьезные поломки | R17: =SUM(R4,R6,R8,R10,R12,R14) -> 39
B18: нет | C18: 3 | D18: 20110288-3 | E18: 1 | F18: 2 | G18: 1 | I18: 44743 | J18: 44467 | K18: 0 | L18: 9 | M18: 1600 | Q18: Итого | R18: =SUM(R16,R17) -> 63
B19: нет | C19: 4 | D19: 20110288-4 | E19: 1 | I19: 44743 | J19: 44467 | K19: 1 | L19: 9 | M19: 1600
B20: нет | C20: 5 | D20: 20110288-5 | E20: 1 | F20: 1 | I20: 44743 | J20: 44467 | K20: 1 | L20: 9 | M20: 1600
B21: нет | C21: 6 | D21: 20110288-6 | E21: 1 | G21: 5 | I21: 44743 | J21: 44467 | K21: 1 | L21: 10 | M21: 1275
B22: нет | C22: 7 | D22: 20110288-7 | E22: 1 | F22: 1 | G22: 2 | I22: 44743 | J22: 44467 | K22: 1 | L22: 10 | M22: 1275
B23: нет | C23: 8 | D23: 20110288-8 | E23: 1 | F23: 1 | I23: 44743 | J23: 44467 | K23: 0 | L23: 3 | M23: 1000
B24: нет | C24: 9 | D24: 20110288-9 | E24: 1 | F24: 2 | G24: 1 | I24: 44743 | J24: 44467 | K24: 0 | L24: 3 | M24: 1000
A25: Гамма Сириус | B25: 1\1 | C25: 1 | D25: B7NS3809 | E25: 1 | I25: 44743 | J25: 44538 | K25: 0 | L25: 5
B26: 1\2 | C26: 2 | D26: 708509 | E26: 1 | I26: 44743 | J26: 44538 | K26: 0 | L26: 5
B27: 1\2 | C27: 3 | D27: 708511 | E27: 1 | I27: 44743 | J27: 44538 | K27: 0 | L27: 5
B28: 1\3 | C28: 4 | D28: B7NS3791 | E28: 1 | I28: 44743 | J28: 44538 | K28: 0 | L28: 5
B29: 1\4 | C29: 5 | D29: B7NS3799 | E29: 1 | G29: 1 | I29: 44743 | J29: 44538 | K29: 0 | L29: 5
B30: 1\4 | C30: 6 | D30: B7NS3806 | E30: 1 | I30: 44743 | J30: 44538 | K30: 0 | L30: 5
B31: 1\5 | C31: 7 | D31: B7NS3807 | E31: 1 | F31: 1 | I31: 44743 | J31: 44538 | K31: 0 | L31: 5
B32: 8\1 | C32: 1 | D32: B7NS3792 | E32: 1 | I32: 44743 | J32: 44538 | K32: 0 | L32: 5
B33: 8\2 | C33: 2 | D33: B7NS3804 | E33: 1 | I33: 44743 | J33: 44538 | K33: 0 | L33: 5
B34: 8\3 | C34: 3 | D34: B7NS3794 | E34: 1 | I34: 44743 | J34: 44538 | K34: 0 | L34: 5
B35: 8\4 | C35: 4 | D35: B7NS3795 | E35: 1 | G35: 1 | I35: 44743 | J35: 44538 | K35: 0 | L35: 5
B36: 9\1 | C36: 1 | D36: B7NS3812 | E36: 1 | G36: 1 | I36: 44743 | J36: 44538 | K36: 0 | L36: 5
B37: 9\2 | C37: 2 | D37: B79S3811 | E37: 1 | I37: 44743 | J37: 44538 | K37: 0 | L37: 5
B38: 9\3 | C38: 3 | D38: B7NS3810 | E38: 1 | I38: 44743 | J38: 44538 | K38: 0 | L38: 5
B39: 9\4 | C39: 4 | D39: B7NS3808 | E39: 1 | I39: 44743 | J39: 44538 | K39: 0 | L39: 5
B40: 10\1 | C40: 1 | D40: B7NS3801 | E40: 1 | I40: 44743 | J40: 44538 | K40: 0 | L40: 5
B41: 10\2 | C41: 2 | D41: B7NS3802 | E41: 1 | F41: 1 | I41: 44743 | J41: 44538 | K41: 0 | L41: 5
B42: 10\3 | C42: 3 | D42: B7NS3803 | E42: 1 | I42: 44743 | J42: 44538 | K42: 0 | L42: 5
B43: 10\4 | C43: 4 | D43: B7NS3821 | E43: 1 | I43: 44743 | J43: 44538 | K43: 0 | L43: 5
B44: 10\5 | C44: 5 | D44: B7NS3805 | E44: 1 | I44: 44743 | J44: 44538 | K44: 0 | L44: 5
B45: 11\1 | C45: 1 | D45: B7NS3818 | E45: 1 | I45: 44743 | J45: 44538 | K45: 0 | L45: 5
B46: 11\2 | C46: 2 | D46: B7NS3793 | E46: 1 | F46: 1 | I46: 44743 | J46: 44538 | K46: 0 | L46: 5
B47: 11\3 | C47: 3 | D47: B7NS3820 | E47: 1 | F47: 1 | I47: 44743 | J47: 44538 | K47: 0 | L47: 5
B48: 11\4 | C48: 4 | D48: B7NS3822 | E48: 1 | G48: 2 | I48: 44743 | J48: 44538 | K48: 0 | L48: 5
B49: 12\1 | C49: 1 | D49: B7NS3796 | E49: 1 | I49: 44743 | J49: 44538 | K49: 0 | L49: 5
B50: 12\2 | C50: 2 | D50: B7NS3797 | E50: 1 | G50: 1 | I50: 44743 | J50: 44538 | K50: 0 | L50: 5
B51: 12\3 | C51: 3 | D51: B7NS3798 | E51: 1 | I51: 44743 | J51: 44538 | K51: 0 | L51: 5
B52: 12\4 | C52: 4 | D52: B7NS3818 | E52: 1 | F52: 2 | G52: 1 | I52: 44743 | J52: 44538 | K52: 0 | L52: 5
B53: 14\1 | C53: 1 | D53: B7NS3787 | E53: 1 | I53: 44743 | J53: 44538 | K53: 0 | L53: 5
B54: 15\1 | C54: 1 | D54: B7NS3885 | E54: 1 | I54: 44743 | J54: 44538 | K54: 0 | L54: 5
B55: 16\1 | C55: 1 | D55: B7NS3786 | E55: 1 | G55: 4 | I55: 44743 | J55: 44538 | K55: 0 | L55: 5
B56: 17\1 | C56: 1 | D56: B7NS3888 | E56: 1 | F56: 3 | I56: 44743 | J56: 44538 | K56: 0 | L56: 5
B57: 18\1 | C57: 1 | D57: B7NS3789 | E57: 1 | F57: 1 | G57: 1 | I57: 44743 | J57: 44538 | K57: 0 | L57: 5
B58: 19\1 | C58: 1 | D58: B7NS3790 | E58: 1 | I58: 44743 | J58: 44538 | K58: 0 | L58: 5
A59: Сигма А (38 шт.) | B59: 1\1 | C59: 1 | D59: B7NS3901 | E59: 1 | I59: 44743 | J59: 44575 | K59: 0 | L59: 5
B60: 1\2 | C60: 2 | D60: B7NS3902 | E60: 1 | I60: 44743 | J60: 44575 | K60: 0 | L60: 5
B61: 1\3 | C61: 3 | D61: B7NS3903 | E61: 1 | I61: 44743 | J61: 44575 | K61: 0 | L61: 5
B62: 1\4 | C62: 4 | D62: B7NS3904 | E62: 1 | I62: 44743 | J62: 44575 | K62: 0 | L62: 5
B63: 3\1 | C63: 1 | D63: B7NS3961 | E63: 1 | I63: 44743 | J63: 44575 | K63: 0 | L63: 5
B64: 3\2 | C64: 2 | D64: B7NS3963 | E64: 1 | I64: 44743 | J64: 44575 | K64: 0 | L64: 5
B65: 3\3 | C65: 3 | D65: B7NS3951 | E65: 1 | I65: 44743 | J65: 44575 | K65: 0 | L65: 5
B66: 3\4 | C66: 4 | D66: B7NS3960 | E66: 1 | I66: 44743 | J66: 44575 | K66: 0 | L66: 5
B67: 3\5 | C67: 5 | D67: B7NS3965 | E67: 1 | I67: 44743 | J67: 44575 | K67: 0 | L67: 5
B68: 4\1 | C68: 1 | D68: B7NS3964 | E68: 1 | I68: 44743 | J68: 44575 | K68: 0 | L68: 5
B69: 4\2 | C69: 2 | D69: B7NS3966 | E69: 1 | I69: 44743 | J69: 44575 | K69: 0 | L69: 5
B70: 4\3 | C70: 3 | D70: B7NS3962 | E70: 1 | I70: 44743 | J70: 44575 | K70: 0 | L70: 5
B71: 5\1 | C71: 1 | D71: B7NS3919 | E71: 1 | I71: 44743 | J71: 44575 | K71: 0 | L71: 5
B72: 5\2 | C72: 2 | D72: B7NS3918 | E72: 1 | G72: 2 | I72: 44743 | J72: 44575 | K72: 0 | L72: 5
B73: 5\2 | C73: 3 | D73: 708514 | E73: 1 | I73: 44743 | J73: 44575 | K73: 0 | L73: 5
B74: 5\3 | C74: 4 | D74: B7NS3917 | E74: 1 | I74: 44743 | J74: 44575 | K74: 0 | L74: 5
B75: 5\4 | C75: 5 | D75: B7NS3920 | E75: 1 | I75: 44743 | J75: 44575 | K75: 0 | L75: 5
B76: 5\4 | C76: 6 | D76: 708513 | E76: 1 | I76: 44743 | J76: 44575 | K76: 0 | L76: 5
B77: 5\5 | C77: 7 | D77: B7NS3921 | E77: 1 | I77: 44743 | J77: 44575 | K77: 0 | L77: 5
B78: 6\1 | C78: 1 | D78: B7NS3922 | E78: 1 | I78: 44743 | J78: 44575 | K78: 0 | L78: 5
B79: 6\2 | C79: 2 | D79: B7NS3923 | E79: 1 | G79: 1 | I79: 44743 | J79: 44575 | K79: 0 | L79: 5
B80: 6\3 | C80: 3 | D80: B7NS3924 | E80: 1 | I80: 44743 | J80: 44575 | K80: 0 | L80: 5
B81: 7\1 | C81: 1 | D81: B7NS3927 | E81: 1 | I81: 44743 | J81: 44575 | K81: 0 | L81: 5
B82: 7\2 | C82: 2 | D82: B7NS3928 | E82: 1 | I82: 44743 | J82: 44575 | K82: 0 | L82: 5
B83: 7\3 | C83: 3 | D83: B7NS3954 | E83: 1 | I83: 44743 | J83: 44575 | K83: 0 | L83: 5
B84: 7\4 | C84: 4 | D84: B7NS3955 | E84: 1 | I84: 44743 | J84: 44575 | K84: 0 | L84: 5
B85: 8\1 | C85: 1 | D85: B7NS3929 | E85: 1 | I85: 44743 | J85: 44575 | K85: 0 | L85: 5
B86: 8\2 | C86: 2 | D86: B7NS3930 | E86: 1 | I86: 44743 | J86: 44575 | K86: 0 | L86: 5
B87: 8\3 | C87: 3 | D87: B7NS3931 | E87: 1 | I87: 44743 | J87: 44575 | K87: 0 | L87: 5
B88: 8\4 | C88: 4 | D88: B7NS3932 | E88: 1 | I88: 44743 | J88: 44575 | K88: 0 | L88: 5
B89: 9\1 | C89: 1 | D89: B7NS3933 | E89: 1 | I89: 44743 | J89: 44575 | K89: 0 | L89: 5
B90: 9\2 | C90: 2 | D90: B7NS3934 | E90: 1 | G90: 1 | I90: 44743 | J90: 44575 | K90: 0 | L90: 5
B91: 9\3 | C91: 3 | D91: B7NS3935 | E91: 1 | I91: 44743 | J91: 44575 | K91: 0 | L91: 5
B92: 9\4 | C92: 4 | D92: B7NS3936 | E92: 1 | F92: 1 | I92: 44743 | J92: 44575 | K92: 0 | L92: 5
B93: 9\5 | C93: 5 | D93: B7NS3937 | E93: 1 | I93: 44743 | J93: 44575 | K93: 0 | L93: 5
B94: 10\1 | C94: 1 | D94: B7NS3938 | E94: 1 | I94: 44743 | J94: 44575 | K94: 0 | L94: 5
B95: 10\2 | C95: 2 | D95: B7NS3939 | E95: 1 | I95: 44743 | J95: 44575 | K95: 0 | L95: 5
B96: 10\3 | C96: 3 | D96: B7NS3940 | E96: 1 | I96: 44743 | J96: 44575 | K96: 0 | L96: 5
A97: Сигма Б(28 шт),В(8 шт.) В 11 и 15к, Остальное Б | B97: 11\1 | C97: 1 | D97: 707362 | E97: 0 | I97: 44743 | J97: 44575 | K97: 0 | L97: 5
B98: 11\2 | C98: 2 | D98: 707388 | E98: 0 | I98: 44743 | J98: 44575 | K98: 0 | L98: 5
B99: 11\3 | C99: 3 | D99: 707389 | E99: 0 | I99: 44743 | J99: 44575 | K99: 0 | L99: 5
B100: 11\4 | C100: 4 | D100: 707390 | E100: 0 | I100: 44743 | J100: 44575 | K100: 0 | L100: 5
...

Sheet Июнь 2022
A1: Сводная таблица всех лифтов Департамента управления гостиницами
A2: Название Объекта | B2: Номер корпуса\секции | C2: Номер лифта (порядковый) | D2: Номер лифта(заводской) | E2: В Работе\отключен | F2: Заявки по замене расходных материалов(кнопки, тросики, лампы) | G2: Заявки по застреваниям и поломкам лифтов | H2: Краткое описание проблем | I2: Дата ближайшего тех.освидетельствования | J2: Дата окончания страховки | K2: Лифт для ППП | L2: Кол-во остановок | M2: г\п
A3: Апарт-отель | B3: нет | C3: 1 | D3: B7NS4223 | E3: 1 | I3: 44743 | K3: 1 | L3: 13 | M3: 1350 | P3: Дельта | Q3: Кнопки и прочие мелочи: | R3: =SUM(F16:F24) -> 5
B4: нет | C4: 2 | D4: B7NS4224 | E4: 1 | I4: 44743 | K4: 0 | L4: 12 | M4: 800 | Q4: Серьезные поломки: | R4: =SUM(G16:G24) -> 17
B5: нет | C5: 3 | D5: B7NS4225 | E5: 1 | I5: 44743 | K5: 0 | L5: 11 | M5: 800 | P5: Гамма | Q5: Кнопки и прочие мелочи: | R5: =SUM(F25:F58) -> 12
B6: нет | C6: 4 | D6: B7NS4226 | E6: 1 | I6: 44743 | K6: 0 | L6: 11 | M6: 800 | Q6: Серьезные поломки: | R6: =SUM(G25:G58) -> 21
B7: нет | C7: 5 | D7: B7NS4227 | E7: 1 | I7: 44743 | K7: 0 | L7: 12 | M7: 1000 | P7: Сигма | Q7: Кнопки и прочие мелочи: | R7: =SUM(F59:F138) -> 9
B8: нет | C8: 6 | D8: B7NS4228 | E8: 1 | I8: 44743 | K8: 0 | L8: 3 | M8: 800 | Q8: Серьезные поломки: | R8: =SUM(G59:G138) -> 26
B9: нет | C9: 7 | D9: B7NS4229 | E9: 1 | I9: 44743 | K9: 0 | L9: 2 | M9: 250 | P9: Омега | Q9: Кнопки и прочие мелочи: | R9: =SUM(F139:F146) -> 0
B10: нет | C10: 8 | D10: B7NS4230 | E10: 1 | I10: 44743 | K10: 0 | L10: 3 | M10: 1000 | Q10: Серьезные поломки: | R10: =SUM(G139:G146) -> 12
B11: нет | C11: 9 | D11: B7NS4231 | E11: 1 | I11: 44743 | K11: 0 | L11: 3 | M11: 1000 | P11: Парусная | Q11: Кнопки и прочие мелочи: | R11: =SUM(F147:F150) -> 0
B12: нет | C12: 10 | D12: B7NS4232 | E12: 1 | I12: 44743 | K12: 0 | L12: 2 | M12: 250 | Q12: Серьезные поломки: | R12: =SUM(G147:G150) -> 0
B13: нет | C13: 11 | D13: B7NS4233 | E13: 1 | I13: 44743 | K13: 1 | L13: 12 | M13: 800 | P13: Пульсар | Q13: Кнопки и прочие мелочи: | R13: =SUM(F3:F15) -> 0
B14: нет | C14: 12 | D14: B7NS4234 | E14: 1 | I14: 44743 | K14: 0 | L14: 12 | M14: 800 | Q14: Серьезные поломки: | R14: =SUM(G3:G15) -> 0
B15: нет | C15: 13 | D15: B7NS4235 | E15: 1 | I15: 44743 | K15: 0 | L15: 13 | M15: 1350
A16: Дельта Сириус | B16: нет | C16: 1 | D16: 20110288-1 | E16: 1 | G16: 1 | I16: 44743 | J16: 44467 | K16: 0 | L16: 9 | M16: 1600 | Q16: Расходники | R16: =SUM(R3,R5,R7,R9,R11,R13) -> 26
B17: нет | C17: 2 | D17: 20110288-2 | E17: 1 | G17: 2 | I17: 44743 | J17: 44467 | K17: 0 | L17: 9 | M17: 1600 | Q17: Серьезные поломки | R17: =SUM(R4,R6,R8,R10,R12,R14) -> 76
B18: нет | C18: 3 | D18: 20110288-3 | E18: 1 | F18: 3 | G18: 6 | I18: 44743 | J18: 44467 | K18: 0 | L18: 9 | M18: 1600 | Q18: Итого | R18: =SUM(R16,R17) -> 102
B19: нет | C19: 4 | D19: 20110288-4 | E19: 1 | G19: 2 | I19: 44743 | J19: 44467 | K19: 1 | L19: 9 | M19: 1600
B20: нет | C20: 5 | D20: 20110288-5 | E20: 1 | I20: 44743 | J20: 44467 | K20: 1 | L20: 9 | M20: 1600
B21: нет | C21: 6 | D21: 20110288-6 | E21: 1 | F21: 1 | I21: 44743 | J21: 44467 | K21: 1 | L21: 10 | M21: 1275
B22: нет | C22: 7 | D22: 20110288-7 | E22: 1 | G22: 5 | I22: 44743 | J22: 44467 | K22: 1 | L22: 10 | M22: 1275
B23: нет | C23: 8 | D23: 20110288-8 | E23: 1 | F23: 1 | G23: 1 | I23: 44743 | J23: 44467 | K23: 0 | L23: 3 | M23: 1000
B24: нет | C24: 9 | D24: 20110288-9 | E24: 1 | I24: 44743 | J24: 44467 | K24: 0 | L24: 3 | M24: 1000
A25: Гамма Сириус | B25: 1\1 | C25: 1 | D25: B7NS3809 | E25: 1 | G25: 1 | I25: 44743 | J25: 44538 | K25: 0 | L25: 5
B26: 1\2 | C26: 2 | D26: 708509 | E26: 1 | I26: 44743 | J26: 44538 | K26: 0 | L26: 5
B27: 1\2 | C27: 3 | D27: 708511 | E27: 1 | I27: 44743 | J27: 44538 | K27: 0 | L27: 5
B28: 1\3 | C28: 4 | D28: B7NS3791 | E28: 1 | I28: 44743 | J28: 44538 | K28: 0 | L28: 5
B29: 1\4 | C29: 5 | D29: B7NS3799 | E29: 1 | I29: 44743 | J29: 44538 | K29: 0 | L29: 5
B30: 1\4 | C30: 6 | D30: B7NS3806 | E30: 1 | I30: 44743 | J30: 44538 | K30: 0 | L30: 5
B31: 1\5 | C31: 7 | D31: B7NS3807 | E31: 1 | I31: 44743 | J31: 44538 | K31: 0 | L31: 5
B32: 8\1 | C32: 1 | D32: B7NS3792 | E32: 1 | I32: 44743 | J32: 44538 | K32: 0 | L32: 5
B33: 8\2 | C33: 2 | D33: B7NS3804 | E33: 1 | G33: 2 | I33: 44743 | J33: 44538 | K33: 0 | L33: 5
B34: 8\3 | C34: 3 | D34: B7NS3794 | E34: 1 | I34: 44743 | J34: 44538 | K34: 0 | L34: 5
B35: 8\4 | C35: 4 | D35: B7NS3795 | E35: 1 | F35: 1 | I35: 44743 | J35: 44538 | K35: 0 | L35: 5
B36: 9\1 | C36: 1 | D36: B7NS3812 | E36: 1 | F36: 1 | I36: 44743 | J36: 44538 | K36: 0 | L36: 5
B37: 9\2 | C37: 2 | D37: B79S3811 | E37: 1 | I37: 44743 | J37: 44538 | K37: 0 | L37: 5
B38: 9\3 | C38: 3 | D38: B7NS3810 | E38: 1 | I38: 44743 | J38: 44538 | K38: 0 | L38: 5
B39: 9\4 | C39: 4 | D39: B7NS3808 | E39: 1 | F39: 1 | I39: 44743 | J39: 44538 | K39: 0 | L39: 5
B40: 10\1 | C40: 1 | D40: B7NS3801 | E40: 1 | I40: 44743 | J40: 44538 | K40: 0 | L40: 5
B41: 10\2 | C41: 2 | D41: B7NS3802 | E41: 1 | I41: 44743 | J41: 44538 | K41: 0 | L41: 5
B42: 10\3 | C42: 3 | D42: B7NS3803 | E42: 1 | I42: 44743 | J42: 44538 | K42: 0 | L42: 5
B43: 10\4 | C43: 4 | D43: B7NS3821 | E43: 1 | F43: 1 | G43: 1 | I43: 44743 | J43: 44538 | K43: 0 | L43: 5
B44: 10\5 | C44: 5 | D44: B7NS3805 | E44: 1 | I44: 44743 | J44: 44538 | K44: 0 | L44: 5
B45: 11\1 | C45: 1 | D45: B7NS3818 | E45: 1 | I45: 44743 | J45: 44538 | K45: 0 | L45: 5
B46: 11\2 | C46: 2 | D46: B7NS3793 | E46: 1 | F46: 2 | I46: 44743 | J46: 44538 | K46: 0 | L46: 5
B47: 11\3 | C47: 3 | D47: B7NS3820 | E47: 1 | I47: 44743 | J47: 44538 | K47: 0 | L47: 5
B48: 11\4 | C48: 4 | D48: B7NS3822 | E48: 1 | F48: 1 | I48: 44743 | J48: 44538 | K48: 0 | L48: 5
B49: 12\1 | C49: 1 | D49: B7NS3796 | E49: 1 | F49: 1 | G49: 1 | I49: 44743 | J49: 44538 | K49: 0 | L49: 5
B50: 12\2 | C50: 2 | D50: B7NS3797 | E50: 1 | G50: 1 | I50: 44743 | J50: 44538 | K50: 0 | L50: 5
B51: 12\3 | C51: 3 | D51: B7NS3798 | E51: 1 | G51: 2 | I51: 44743 | J51: 44538 | K51: 0 | L51: 5
B52: 12\4 | C52: 4 | D52: B7NS3818 | E52: 1 | F52: 1 | I52: 44743 | J52: 44538 | K52: 0 | L52: 5
B53: 14\1 | C53: 1 | D53: B7NS3787 | E53: 1 | G53: 1 | I53: 44743 | J53: 44538 | K53: 0 | L53: 5
B54: 15\1 | C54: 1 | D54: B7NS3885 | E54: 1 | G54: 4 | I54: 44743 | J54: 44538 | K54: 0 | L54: 5
B55: 16\1 | C55: 1 | D55: B7NS3786 | E55: 1 | F55: 1 | I55: 44743 | J55: 44538 | K55: 0 | L55: 5
B56: 17\1 | C56: 1 | D56: B7NS3888 | E56: 1 | I56: 44743 | J56: 44538 | K56: 0 | L56: 5
B57: 18\1 | C57: 1 | D57: B7NS3789 | E57: 1 | G57: 4 | I57: 44743 | J57: 44538 | K57: 0 | L57: 5
B58: 19\1 | C58: 1 | D58: B7NS3790 | E58: 1 | F58: 2 | G58: 4 | I58: 44743 | J58: 44538 | K58: 0 | L58: 5
A59: Сигма А (38 шт.) | B59: 1\1 | C59: 1 | D59: B7NS3901 | E59: 1 | I59: 44743 | J59: 44575 | K59: 0 | L59: 5
B60: 1\2 | C60: 2 | D60: B7NS3902 | E60: 1 | I60: 44743 | J60: 44575 | K60: 0 | L60: 5
B61: 1\3 | C61: 3 | D61: B7NS3903 | E61: 1 | I61: 44743 | J61: 44575 | K61: 0 | L61: 5
B62: 1\4 | C62: 4 | D62: B7NS3904 | E62: 1 | I62: 44743 | J62: 44575 | K62: 0 | L62: 5
B63: 3\1 | C63: 1 | D63: B7NS3961 | E63: 1 | G63: 1 | I63: 44743 | J63: 44575 | K63: 0 | L63: 5
B64: 3\2 | C64: 2 | D64: B7NS3963 | E64: 1 | G64: 1 | I64: 44743 | J64: 44575 | K64: 0 | L64: 5
B65: 3\3 | C65: 3 | D65: B7NS3951 | E65: 1 | F65: 1 | I65: 44743 | J65: 44575 | K65: 0 | L65: 5
B66: 3\4 | C66: 4 | D66: B7NS3960 | E66: 1 | F66: 1 | I66: 44743 | J66: 44575 | K66: 0 | L66: 5
B67: 3\5 | C67: 5 | D67: B7NS3965 | E67: 1 | I67: 44743 | J67: 44575 | K67: 0 | L67: 5
B68: 4\1 | C68: 1 | D68: B7NS3964 | E68: 1 | G68: 1 | I68: 44743 | J68: 44575 | K68: 0 | L68: 5
B69: 4\2 | C69: 2 | D69: B7NS3966 | E69: 1 | G69: 1 | I69: 44743 | J69: 44575 | K69: 0 | L69: 5
B70: 4\3 | C70: 3 | D70: B7NS3962 | E70: 1 | I70: 44743 | J70: 44575 | K70: 0 | L70: 5
B71: 5\1 | C71: 1 | D71: B7NS3919 | E71: 1 | I71: 44743 | J71: 44575 | K71: 0 | L71: 5
B72: 5\2 | C72: 2 | D72: B7NS3918 | E72: 1 | I72: 44743 | J72: 44575 | K72: 0 | L72: 5
B73: 5\2 | C73: 3 | D73: 708514 | E73: 1 | F73: 1 | I73: 44743 | J73: 44575 | K73: 0 | L73: 5
B74: 5\3 | C74: 4 | D74: B7NS3917 | E74: 1 | I74: 44743 | J74: 44575 | K74: 0 | L74: 5
B75: 5\4 | C75: 5 | D75: B7NS3920 | E75: 1 | I75: 44743 | J75: 44575 | K75: 0 | L75: 5
B76: 5\4 | C76: 6 | D76: 708513 | E76: 1 | I76: 44743 | J76: 44575 | K76: 0 | L76: 5
B77: 5\5 | C77: 7 | D77: B7NS3921 | E77: 1 | G77: 3 | I77: 44743 | J77: 44575 | K77: 0 | L77: 5
B78: 6\1 | C78: 1 | D78: B7NS3922 | E78: 1 | I78: 44743 | J78: 44575 | K78: 0 | L78: 5
B79: 6\2 | C79: 2 | D79: B7NS3923 | E79: 1 | I79: 44743 | J79: 44575 | K79: 0 | L79: 5
B80: 6\3 | C80: 3 | D80: B7NS3924 | E80: 1 | G80: 1 | I80: 44743 | J80: 44575 | K80: 0 | L80: 5
B81: 7\1 | C81: 1 | D81: B7NS3927 | E81: 1 | I81: 44743 | J81: 44575 | K81: 0 | L81: 5
B82: 7\2 | C82: 2 | D82: B7NS3928 | E82: 1 | G82: 1 | I82: 44743 | J82: 44575 | K82: 0 | L82: 5
B83: 7\3 | C83: 3 | D83: B7NS3954 | E83: 1 | I83: 44743 | J83: 44575 | K83: 0 | L83: 5
B84: 7\4 | C84: 4 | D84: B7NS3955 | E84: 1 | G84: 1 | I84: 44743 | J84: 44575 | K84: 0 | L84: 5
B85: 8\1 | C85: 1 | D85: B7NS3929 | E85: 1 | I85: 44743 | J85: 44575 | K85: 0 | L85: 5
B86: 8\2 | C86: 2 | D86: B7NS3930 | E86: 1 | I86: 44743 | J86: 44575 | K86: 0 | L86: 5
B87: 8\3 | C87: 3 | D87: B7NS3931 | E87: 1 | I87: 44743 | J87: 44575 | K87: 0 | L87: 5
B88: 8\4 | C88: 4 | D88: B7NS3932 | E88: 1 | I88: 44743 | J88: 44575 | K88: 0 | L88: 5
B89: 9\1 | C89: 1 | D89: B7NS3933 | E89: 1 | I89: 44743 | J89: 44575 | K89: 0 | L89: 5
B90: 9\2 | C90: 2 | D90: B7NS3934 | E90: 1 | G90: 1 | I90: 44743 | J90: 44575 | K90: 0 | L90: 5
B91: 9\3 | C91: 3 | D91: B7NS3935 | E91: 1 | F91: 1 | I91: 44743 | J91: 44575 | K91: 0 | L91: 5
B92: 9\4 | C92: 4 | D92: B7NS3936 | E92: 1 | I92: 44743 | J92: 44575 | K92: 0 | L92: 5
B93: 9\5 | C93: 5 | D93: B7NS3937 | E93: 1 | F93: 1 | I93: 44743 | J93: 44575 | K93: 0 | L93: 5
B94: 10\1 | C94: 1 | D94: B7NS3938 | E94: 1 | I94: 44743 | J94: 44575 | K94: 0 | L94: 5
B95: 10\2 | C95: 2 | D95: B7NS3939 | E95: 1 | G95: 1 | I95: 44743 | J95: 44575 | K95: 0 | L95: 5
B96: 10\3 | C96: 3 | D96: B7NS3940 | E96: 1 | G96: 2 | I96: 44743 | J96: 44575 | K96: 0 | L96: 5
A97: Сигма Б(28 шт),В(8 шт.) В 11 и 15к, Остальное Б | B97: 11\1 | C97: 1 | D97: 707362 | E97: 0 | I97: 44743 | J97: 44575 | K97: 0 | L97: 5
B98: 11\2 | C98: 2 | D98: 707388 | E98: 0 | I98: 44743 | J98: 44575 | K98: 0 | L98: 5
B99: 11\3 | C99: 3 | D99: 707389 | E99: 0 | I99: 44743 | J99: 44575 | K99: 0 | L99: 5
B100: 11\4 | C100: 4 | D100: 707390 | E100: 0 | I100: 44743 | J100: 44575 | K100: 0 | L100: 5
...

Sheet Июль 2022
A1: Сводная таблица всех лифтов Департамента управления гостиницами
A2: Название Объекта | B2: Номер корпуса\секции | C2: Номер лифта (порядковый) | D2: Номер лифта(заводской) | E2: В Работе\отключен | F2: Заявки по замене расходных материалов(кнопки, тросики, лампы) | G2: Заявки по застреваниям и поломкам лифтов | H2: Краткое описание проблем | I2: Дата ближайшего тех.освидетельствования | J2: Дата окончания страховки | K2: Лифт для ППП | L2: Кол-во остановок | M2: г\п
A3: Апарт-отель | B3: нет | C3: 1 | D3: B7NS4223 | E3: 1 | I3: 44743 | K3: 1 | L3: 13 | M3: 1350 | P3: Дельта | Q3: Кнопки и прочие мелочи: | R3: =SUM(F16:F24) -> 1
B4: нет | C4: 2 | D4: B7NS4224 | E4: 1 | I4: 44743 | K4: 0 | L4: 12 | M4: 800 | Q4: Серьезные поломки: | R4: =SUM(G16:G24) -> 10
B5: нет | C5: 3 | D5: B7NS4225 | E5: 1 | I5: 44743 | K5: 0 | L5: 11 | M5: 800 | P5: Гамма | Q5: Кнопки и прочие мелочи: | R5: =SUM(F25:F58) -> 9
B6: нет | C6: 4 | D6: B7NS4226 | E6: 1 | I6: 44743 | K6: 0 | L6: 11 | M6: 800 | Q6: Серьезные поломки: | R6: =SUM(G25:G58) -> 12
B7: нет | C7: 5 | D7: B7NS4227 | E7: 1 | I7: 44743 | K7: 0 | L7: 12 | M7: 1000 | P7: Сигма | Q7: Кнопки и прочие мелочи: | R7: =SUM(F59:F138) -> 7
B8: нет | C8: 6 | D8: B7NS4228 | E8: 1 | I8: 44743 | K8: 0 | L8: 3 | M8: 800 | Q8: Серьезные поломки: | R8: =SUM(G59:G138) -> 24
B9: нет | C9: 7 | D9: B7NS4229 | E9: 1 | I9: 44743 | K9: 0 | L9: 2 | M9: 250 | P9: Омега | Q9: Кнопки и прочие мелочи: | R9: =SUM(F139:F146) -> 7
B10: нет | C10: 8 | D10: B7NS4230 | E10: 1 | G10: 1 | I10: 44743 | K10: 0 | L10: 3 | M10: 1000 | Q10: Серьезные поломки: | R10: =SUM(G139:G146) -> 11
B11: нет | C11: 9 | D11: B7NS4231 | E11: 1 | I11: 44743 | K11: 0 | L11: 3 | M11: 1000 | P11: Парусная | Q11: Кнопки и прочие мелочи: | R11: =SUM(F147:F150) -> 0
B12: нет | C12: 10 | D12: B7NS4232 | E12: 1 | I12: 44743 | K12: 0 | L12: 2 | M12: 250 | Q12: Серьезные поломки: | R12: =SUM(G147:G150) -> 0
B13: нет | C13: 11 | D13: B7NS4233 | E13: 1 | I13: 44743 | K13: 1 | L13: 12 | M13: 800 | P13: Пульсар | Q13: Кнопки и прочие мелочи: | R13: =SUM(F3:F15) -> 0
B14: нет | C14: 12 | D14: B7NS4234 | E14: 1 | I14: 44743 | K14: 0 | L14: 12 | M14: 800 | Q14: Серьезные поломки: | R14: =SUM(G3:G15) -> 1
B15: нет | C15: 13 | D15: B7NS4235 | E15: 1 | I15: 44743 | K15: 0 | L15: 13 | M15: 1350
A16: Дельта Сириус | B16: нет | C16: 1 | D16: 20110288-1 | E16: 1 | I16: 44743 | J16: 44467 | K16: 0 | L16: 9 | M16: 1600 | Q16: Расходники | R16: =SUM(R3,R5,R7,R9,R11,R13) -> 24
B17: нет | C17: 2 | D17: 20110288-2 | E17: 1 | G17: 2 | I17: 44743 | J17: 44467 | K17: 0 | L17: 9 | M17: 1600 | Q17: Серьезные поломки | R17: =SUM(R4,R6,R8,R10,R12,R14) -> 58
B18: нет | C18: 3 | D18: 20110288-3 | E18: 1 | G18: 3 | I18: 44743 | J18: 44467 | K18: 0 | L18: 9 | M18: 1600 | Q18: Итого | R18: =SUM(R16,R17) -> 82
B19: нет | C19: 4 | D19: 20110288-4 | E19: 1 | G19: 1 | I19: 44743 | J19: 44467 | K19: 1 | L19: 9 | M19: 1600
B20: нет | C20: 5 | D20: 20110288-5 | E20: 1 | F20: 1 | I20: 44743 | J20: 44467 | K20: 1 | L20: 9 | M20: 1600
B21: нет | C21: 6 | D21: 20110288-6 | E21: 1 | I21: 44743 | J21: 44467 | K21: 1 | L21: 10 | M21: 1275
B22: нет | C22: 7 | D22: 20110288-7 | E22: 1 | G22: 4 | I22: 44743 | J22: 44467 | K22: 1 | L22: 10 | M22: 1275
B23: нет | C23: 8 | D23: 20110288-8 | E23: 1 | I23: 44743 | J23: 44467 | K23: 0 | L23: 3 | M23: 1000
B24: нет | C24: 9 | D24: 20110288-9 | E24: 1 | I24: 44743 | J24: 44467 | K24: 0 | L24: 3 | M24: 1000
A25: Гамма Сириус | B25: 1\1 | C25: 1 | D25: B7NS3809 | E25: 1 | I25: 44743 | J25: 44538 | K25: 0 | L25: 5 | N25: Старообрядческая, 66
B26: 1\2 | C26: 2 | D26: 708509 | E26: 1 | G26: 1 | I26: 44743 | J26: 44538 | K26: 0 | L26: 5 | N26: Старообрядческая, 66
B27: 1\2 | C27: 3 | D27: 708511 | E27: 1 | F27: 1 | I27: 44743 | J27: 44538 | K27: 0 | L27: 5 | N27: Старообрядческая, 66
B28: 1\3 | C28: 4 | D28: B7NS3791 | E28: 1 | I28: 44743 | J28: 44538 | K28: 0 | L28: 5 | N28: Старообрядческая, 66
B29: 1\4 | C29: 5 | D29: B7NS3799 | E29: 1 | I29: 44743 | J29: 44538 | K29: 0 | L29: 5 | N29: Старообрядческая, 66
B30: 1\4 | C30: 6 | D30: B7NS3806 | E30: 1 | F30: 1 | I30: 44743 | J30: 44538 | K30: 0 | L30: 5 | N30: Старообрядческая, 66
B31: 1\5 | C31: 7 | D31: B7NS3807 | E31: 1 | I31: 44743 | J31: 44538 | K31: 0 | L31: 5 | N31: Старообрядческая, 66
B32: 8\1 | C32: 1 | D32: B7NS3792 | E32: 1 | I32: 44743 | J32: 44538 | K32: 0 | L32: 5 | N32: 65 лет Победы, 63
B33: 8\2 | C33: 2 | D33: B7NS3804 | E33: 1 | F33: 2 | G33: 1 | I33: 44743 | J33: 44538 | K33: 0 | L33: 5 | N33: 65 лет Победы, 63
B34: 8\3 | C34: 3 | D34: B7NS3794 | E34: 1 | F34: 1 | I34: 44743 | J34: 44538 | K34: 0 | L34: 5 | N34: 65 лет Победы, 63
B35: 8\4 | C35: 4 | D35: B7NS3795 | E35: 1 | G35: 2 | I35: 44743 | J35: 44538 | K35: 0 | L35: 5 | N35: 65 лет Победы, 63
B36: 9\1 | C36: 1 | D36: B7NS3812 | E36: 1 | I36: 44743 | J36: 44538 | K36: 0 | L36: 5 | N36: 65 лет Победы, 61
B37: 9\2 | C37: 2 | D37: B79S3811 | E37: 1 | G37: 1 | I37: 44743 | J37: 44538 | K37: 0 | L37: 5 | N37: 65 лет Победы, 61
B38: 9\3 | C38: 3 | D38: B7NS3810 | E38: 1 | I38: 44743 | J38: 44538 | K38: 0 | L38: 5 | N38: 65 лет Победы, 61
B39: 9\4 | C39: 4 | D39: B7NS3808 | E39: 1 | G39: 1 | I39: 44743 | J39: 44538 | K39: 0 | L39: 5 | N39: 65 лет Победы, 61
B40: 10\1 | C40: 1 | D40: B7NS3801 | E40: 1 | I40: 44743 | J40: 44538 | K40: 0 | L40: 5 | N40: Старообрядческая, 64
B41: 10\2 | C41: 2 | D41: B7NS3802 | E41: 1 | F41: 2 | I41: 44743 | J41: 44538 | K41: 0 | L41: 5 | N41: Старообрядческая, 64
B42: 10\3 | C42: 3 | D42: B7NS3803 | E42: 1 | I42: 44743 | J42: 44538 | K42: 0 | L42: 5 | N42: Старообрядческая, 64
B43: 10\4 | C43: 4 | D43: B7NS3821 | E43: 1 | I43: 44743 | J43: 44538 | K43: 0 | L43: 5 | N43: Старообрядческая, 64
B44: 10\5 | C44: 5 | D44: B7NS3805 | E44: 1 | I44: 44743 | J44: 44538 | K44: 0 | L44: 5 | N44: Старообрядческая, 64
B45: 11\1 | C45: 1 | D45: B7NS3818 | E45: 1 | I45: 44743 | J45: 44538 | K45: 0 | L45: 5 | N45: 65 лет Победы, 59
B46: 11\2 | C46: 2 | D46: B7NS3793 | E46: 1 | G46: 1 | I46: 44743 | J46: 44538 | K46: 0 | L46: 5 | N46: 65 лет Победы, 59
B47: 11\3 | C47: 3 | D47: B7NS3820 | E47: 1 | G47: 1 | I47: 44743 | J47: 44538 | K47: 0 | L47: 5 | N47: 65 лет Победы, 59
B48: 11\4 | C48: 4 | D48: B7NS3822 | E48: 1 | G48: 2 | I48: 44743 | J48: 44538 | K48: 0 | L48: 5 | N48: 65 лет Победы, 59
B49: 12\1 | C49: 1 | D49: B7NS3796 | E49: 1 | I49: 44743 | J49: 44538 | K49: 0 | L49: 5 | N49: 65 лет Победы, 57
B50: 12\2 | C50: 2 | D50: B7NS3797 | E50: 1 | I50: 44743 | J50: 44538 | K50: 0 | L50: 5 | N50: 65 лет Победы, 57
B51: 12\3 | C51: 3 | D51: B7NS3798 | E51: 1 | F51: 1 | I51: 44743 | J51: 44538 | K51: 0 | L51: 5 | N51: 65 лет Победы, 57
B52: 12\4 | C52: 4 | D52: B7NS3818 | E52: 1 | G52: 1 | I52: 44743 | J52: 44538 | K52: 0 | L52: 5 | N52: 65 лет Победы, 57
B53: 14\1 | C53: 1 | D53: B7NS3787 | E53: 1 | I53: 44743 | J53: 44538 | K53: 0 | L53: 5 | N53: 65 лет Победы, 55/1
B54: 15\1 | C54: 1 | D54: B7NS3885 | E54: 1 | I54: 44743 | J54: 44538 | K54: 0 | L54: 5 | N54: 65 лет Победы, 55
B55: 16\1 | C55: 1 | D55: B7NS3786 | E55: 1 | G55: 1 | I55: 44743 | J55: 44538 | K55: 0 | L55: 5 | N55: Воскресенская, 8/1
B56: 17\1 | C56: 1 | D56: B7NS3888 | E56: 1 | F56: 1 | I56: 44743 | J56: 44538 | K56: 0 | L56: 5 | N56: 65 лет Победы, 53
B57: 18\1 | C57: 1 | D57: B7NS3789 | E57: 1 | I57: 44743 | J57: 44538 | K57: 0 | L57: 5 | N57: Воскресенская, 8
B58: 19\1 | C58: 1 | D58: B7NS3790 | E58: 1 | I58: 44743 | J58: 44538 | K58: 0 | L58: 5 | N58: Воскресенская, 6
A59: Сигма А (38 шт.) | B59: 1\1 | C59: 1 | D59: B7NS3901 | E59: 1 | I59: 44743 | J59: 44575 | K59: 0 | L59: 5 | N59: Воскресенская, 14
B60: 1\2 | C60: 2 | D60: B7NS3902 | E60: 1 | I60: 44743 | J60: 44575 | K60: 0 | L60: 5 | N60: Воскресенская, 14
B61: 1\3 | C61: 3 | D61: B7NS3903 | E61: 1 | I61: 44743 | J61: 44575 | K61: 0 | L61: 5 | N61: Воскресенская, 14
B62: 1\4 | C62: 4 | D62: B7NS3904 | E62: 1 | I62: 44743 | J62: 44575 | K62: 0 | L62: 5 | N62: Воскресенская, 14
B63: 3\1 | C63: 1 | D63: B7NS3961 | E63: 1 | I63: 44743 | J63: 44575 | K63: 0 | L63: 5 | N63: Воскресенская, 14/2
B64: 3\2 | C64: 2 | D64: B7NS3963 | E64: 1 | I64: 44743 | J64: 44575 | K64: 0 | L64: 5 | N64: Воскресенская, 14/2
B65: 3\3 | C65: 3 | D65: B7NS3951 | E65: 1 | F65: 1 | I65: 44743 | J65: 44575 | K65: 0 | L65: 5 | N65: Воскресенская, 14/2
B66: 3\4 | C66: 4 | D66: B7NS3960 | E66: 1 | I66: 44743 | J66: 44575 | K66: 0 | L66: 5 | N66: Воскресенская, 14/2
B67: 3\5 | C67: 5 | D67: B7NS3965 | E67: 1 | F67: 1 | I67: 44743 | J67: 44575 | K67: 0 | L67: 5 | N67: Воскресенская, 14/2
B68: 4\1 | C68: 1 | D68: B7NS3964 | E68: 1 | F68: 1 | G68: 1 | I68: 44743 | J68: 44575 | K68: 0 | L68: 5 | N68: Воскресенская, 14/3
B69: 4\2 | C69: 2 | D69: B7NS3966 | E69: 1 | G69: 1 | I69: 44743 | J69: 44575 | K69: 0 | L69: 5 | N69: Воскресенская, 14/3
B70: 4\3 | C70: 3 | D70: B7NS3962 | E70: 1 | I70: 44743 | J70: 44575 | K70: 0 | L70: 5 | N70: Воскресенская, 14/3
B71: 5\1 | C71: 1 | D71: B7NS3919 | E71: 1 | I71: 44743 | J71: 44575 | K71: 0 | L71: 5 | N71: ​Воскресенская, 12
B72: 5\2 | C72: 2 | D72: B7NS3918 | E72: 1 | I72: 44743 | J72: 44575 | K72: 0 | L72: 5 | N72: ​Воскресенская, 12
B73: 5\2 | C73: 3 | D73: 708514 | E73: 1 | I73: 44743 | J73: 44575 | K73: 0 | L73: 5 | N73: ​Воскресенская, 12
B74: 5\3 | C74: 4 | D74: B7NS3917 | E74: 1 | I74: 44743 | J74: 44575 | K74: 0 | L74: 5 | N74: ​Воскресенская, 12
B75: 5\4 | C75: 5 | D75: B7NS3920 | E75: 1 | I75: 44743 | J75: 44575 | K75: 0 | L75: 5 | N75: ​Воскресенская, 12
B76: 5\4 | C76: 6 | D76: 708513 | E76: 1 | G76: 1 | I76: 44743 | J76: 44575 | K76: 0 | L76: 5 | N76: ​Воскресенская, 12
B77: 5\5 | C77: 7 | D77: B7NS3921 | E77: 1 | I77: 44743 | J77: 44575 | K77: 0 | L77: 5 | N77: ​Воскресенская, 12
B78: 6\1 | C78: 1 | D78: B7NS3922 | E78: 1 | I78: 44743 | J78: 44575 | K78: 0 | L78: 5 | N78: Олимпийский проспект, 31
B79: 6\2 | C79: 2 | D79: B7NS3923 | E79: 1 | G79: 1 | I79: 44743 | J79: 44575 | K79: 0 | L79: 5 | N79: Олимпийский проспект, 31
B80: 6\3 | C80: 3 | D80: B7NS3924 | E80: 1 | G80: 1 | I80: 44743 | J80: 44575 | K80: 0 | L80: 5 | N80: Олимпийский проспект, 31
B81: 7\1 | C81: 1 | D81: B7NS3927 | E81: 1 | G81: 1 | I81: 44743 | J81: 44575 | K81: 0 | L81: 5 | N81: Олимпийский проспект, 33
B82: 7\2 | C82: 2 | D82: B7NS3928 | E82: 1 | I82: 44743 | J82: 44575 | K82: 0 | L82: 5 | N82: Олимпийский проспект, 33
B83: 7\3 | C83: 3 | D83: B7NS3954 | E83: 1 | I83: 44743 | J83: 44575 | K83: 0 | L83: 5 | N83: Олимпийский проспект, 33
B84: 7\4 | C84: 4 | D84: B7NS3955 | E84: 1 | I84: 44743 | J84: 44575 | K84: 0 | L84: 5 | N84: Олимпийский проспект, 33
B85: 8\1 | C85: 1 | D85: B7NS3929 | E85: 1 | I85: 44743 | J85: 44575 | K85: 0 | L85: 5 | N85: Олимпийский проспект, 35
B86: 8\2 | C86: 2 | D86: B7NS3930 | E86: 1 | I86: 44743 | J86: 44575 | K86: 0 | L86: 5 | N86: Олимпийский проспект, 35
B87: 8\3 | C87: 3 | D87: B7NS3931 | E87: 1 | I87: 44743 | J87: 44575 | K87: 0 | L87: 5 | N87: Олимпийский проспект, 35
B88: 8\4 | C88: 4 | D88: B7NS3932 | E88: 1 | I88: 44743 | J88: 44575 | K88: 0 | L88: 5 | N88: Олимпийский проспект, 35
B89: 9\1 | C89: 1 | D89: B7NS3933 | E89: 1 | I89: 44743 | J89: 44575 | K89: 0 | L89: 5 | N89: Олимпийский проспект, 37
B90: 9\2 | C90: 2 | D90: B7NS3934 | E90: 1 | G90: 2 | I90: 44743 | J90: 44575 | K90: 0 | L90: 5 | N90: Олимпийский проспект, 37
B91: 9\3 | C91: 3 | D91: B7NS3935 | E91: 1 | I91: 44743 | J91: 44575 | K91: 0 | L91: 5 | N91: Олимпийский проспект, 37
B92: 9\4 | C92: 4 | D92: B7NS3936 | E92: 1 | I92: 44743 | J92: 44575 | K92: 0 | L92: 5 | N92: Олимпийский проспект, 37
B93: 9\5 | C93: 5 | D93: B7NS3937 | E93: 1 | I93: 44743 | J93: 44575 | K93: 0 | L93: 5 | N93: Олимпийский проспект, 37
B94: 10\1 | C94: 1 | D94: B7NS3938 | E94: 1 | I94: 44743 | J94: 44575 | K94: 0 | L94: 5 | N94: Олимпийский проспект, 39
B95: 10\2 | C95: 2 | D95: B7NS3939 | E95: 1 | G95: 2 | I95: 44743 | J95: 44575 | K95: 0 | L95: 5 | N95: Олимпийский проспект, 39
B96: 10\3 | C96: 3 | D96: B7NS3940 | E96: 1 | G96: 1 | I96: 44743 | J96: 44575 | K96: 0 | L96: 5 | N96: Олимпийский проспект, 39
A97: Сигма Б(28 шт),В(8 шт.) В 11 и 15к, Остальное Б | B97: 11\1 | C97: 1 | D97: 707362 | E97: 0 | I97: 44743 | J97: 44575 | K97: 0 | L97: 5 | N97: Рекордов, 15
B98: 11\2 | C98: 2 | D98: 707388 | E98: 0 | I98: 44743 | J98: 44575 | K98: 0 | L98: 5 | N98: Рекордов, 15
B99: 11\3 | C99: 3 | D99: 707389 | E99: 0 | I99: 44743 | J99: 44575 | K99: 0 | L99: 5 | N99: Рекордов, 15
B100: 11\4 | C100: 4 | D100: 707390 | E100: 0 | I100: 44743 | J100: 44575 | K100: 0 | L100: 5 | N100: Рекордов, 15
...

Sheet Август 2022
A1: Сводная таблица всех лифтов Департамента управления гостиницами
A2: Название Объекта | B2: Номер корпуса\секции | C2: Номер лифта (порядковый) | D2: Номер лифта(заводской) | E2: В Работе\отключен | F2: Заявки по замене расходных материалов(кнопки, тросики, лампы) | G2: Заявки по застреваниям и поломкам лифтов | H2: Краткое описание проблем | I2: Дата ближайшего тех.освидетельствования | J2: Дата окончания страховки | K2: Лифт для ППП | L2: Кол-во остановок | M2: г\п
A3: Апарт-отель | B3: нет | C3: 1 | D3: B7NS4223 | E3: 1 | I3: 45139 | K3: 1 | L3: 13 | M3: 1350 | N3: Триумфальный проезд, 3 | S3: Дельта | T3: Кнопки и прочие мелочи: | U3: =SUM(F16:F24) -> 2
B4: нет | C4: 2 | D4: B7NS4224 | E4: 1 | I4: 45139 | K4: 0 | L4: 12 | M4: 800 | N4: Триумфальный проезд, 3 | T4: Серьезные поломки: | U4: =SUM(G16:G24) -> 8
B5: нет | C5: 3 | D5: B7NS4225 | E5: 1 | I5: 45139 | K5: 0 | L5: 11 | M5: 800 | N5: Триумфальный проезд, 3 | S5: Гамма | T5: Кнопки и прочие мелочи: | U5: =SUM(F25:F58) -> 12
B6: нет | C6: 4 | D6: B7NS4226 | E6: 1 | I6: 45139 | K6: 0 | L6: 11 | M6: 800 | N6: Триумфальный проезд, 3 | T6: Серьезные поломки: | U6: =SUM(G25:G58) -> 16
B7: нет | C7: 5 | D7: B7NS4227 | E7: 1 | G7: 1 | I7: 45139 | K7: 0 | L7: 12 | M7: 1000 | N7: Триумфальный проезд, 3 | S7: Сигма | T7: Кнопки и прочие мелочи: | U7: =SUM(F59:F138) -> 12
B8: нет | C8: 6 | D8: B7NS4228 | E8: 1 | I8: 45139 | K8: 0 | L8: 3 | M8: 800 | N8: Триумфальный проезд, 3 | T8: Серьезные поломки: | U8: =SUM(G59:G138) -> 13
B9: нет | C9: 7 | D9: B7NS4229 | E9: 1 | I9: 45139 | K9: 0 | L9: 2 | M9: 250 | N9: Триумфальный проезд, 3 | S9: Омега | T9: Кнопки и прочие мелочи: | U9: =SUM(F139:F146) -> 1
B10: нет | C10: 8 | D10: B7NS4230 | E10: 1 | I10: 45139 | K10: 0 | L10: 3 | M10: 1000 | N10: Триумфальный проезд, 3 | T10: Серьезные поломки: | U10: =SUM(G139:G146) -> 9
B11: нет | C11: 9 | D11: B7NS4231 | E11: 1 | I11: 45139 | K11: 0 | L11: 3 | M11: 1000 | N11: Триумфальный проезд, 3 | S11: Парусная | T11: Кнопки и прочие мелочи: | U11: =SUM(F147:F150) -> 0
B12: нет | C12: 10 | D12: B7NS4232 | E12: 1 | I12: 45139 | K12: 0 | L12: 2 | M12: 250 | N12: Триумфальный проезд, 3 | T12: Серьезные поломки: | U12: =SUM(G147:G150) -> 0
B13: нет | C13: 11 | D13: B7NS4233 | E13: 1 | I13: 45139 | K13: 1 | L13: 12 | M13: 800 | N13: Триумфальный проезд, 3 | S13: Апарт-отель | T13: Кнопки и прочие мелочи: | U13: =SUM(F3:F15) -> 0
B14: нет | C14: 12 | D14: B7NS4234 | E14: 1 | I14: 45139 | K14: 0 | L14: 12 | M14: 800 | N14: Триумфальный проезд, 3 | T14: Серьезные поломки: | U14: =SUM(G3:G15) -> 2
B15: нет | C15: 13 | D15: B7NS4235 | E15: 1 | G15: 1 | I15: 45139 | K15: 0 | L15: 13 | M15: 1350 | N15: Триумфальный проезд, 3
A16: Дельта Сириус | B16: нет | C16: 1 | D16: 20110288-1 | E16: 1 | F16: 1 | G16: 2 | I16: 45108 | J16: 44467 | K16: 0 | L16: 9 | M16: 1600 | N16: Триумфальный проезд, 1 | T16: Расходники | U16: =SUM(U3,U5,U7,U9,U11,U13) -> 27
B17: нет | C17: 2 | D17: 20110288-2 | E17: 1 | G17: 1 | I17: 45108 | J17: 44467 | K17: 0 | L17: 9 | M17: 1600 | N17: Триумфальный проезд, 1 | T17: Серьезные поломки | U17: =SUM(U4,U6,U8,U10,U12,U14) -> 48
B18: нет | C18: 3 | D18: 20110288-3 | E18: 1 | G18: 2 | I18: 45108 | J18: 44467 | K18: 0 | L18: 9 | M18: 1600 | N18: Триумфальный проезд, 1 | T18: Итого | U18: =SUM(U16,U17) -> 75
B19: нет | C19: 4 | D19: 20110288-4 | E19: 1 | I19: 45108 | J19: 44467 | K19: 1 | L19: 9 | M19: 1600 | N19: Триумфальный проезд, 1
B20: нет | C20: 5 | D20: 20110288-5 | E20: 1 | I20: 45108 | J20: 44467 | K20: 1 | L20: 9 | M20: 1600 | N20: Триумфальный проезд, 1
B21: нет | C21: 6 | D21: 20110288-6 | E21: 1 | I21: 45108 | J21: 44467 | K21: 1 | L21: 10 | M21: 1275 | N21: Триумфальный проезд, 1
B22: нет | C22: 7 | D22: 20110288-7 | E22: 1 | G22: 1 | I22: 45108 | J22: 44467 | K22: 1 | L22: 10 | M22: 1275 | N22: Триумфальный проезд, 1
B23: нет | C23: 8 | D23: 20110288-8 | E23: 1 | F23: 1 | G23: 1 | I23: 45108 | J23: 44467 | K23: 0 | L23: 3 | M23: 1000 | N23: Триумфальный проезд, 1
B24: нет | C24: 9 | D24: 20110288-9 | E24: 1 | G24: 1 | I24: 45108 | J24: 44467 | K24: 0 | L24: 3 | M24: 1000 | N24: Триумфальный проезд, 1
A25: Гамма Сириус | B25: 1\1 | C25: 1 | D25: B7NS3809 | E25: 1 | I25: 45108 | J25: 44538 | K25: 0 | L25: 5 | N25: Старообрядческая, 66
B26: 1\2 | C26: 2 | D26: 708509 | E26: 1 | F26: 1 | I26: 45108 | J26: 44538 | K26: 0 | L26: 5 | N26: Старообрядческая, 66
B27: 1\2 | C27: 3 | D27: 708511 | E27: 1 | I27: 45108 | J27: 44538 | K27: 0 | L27: 5 | N27: Старообрядческая, 66
B28: 1\3 | C28: 4 | D28: B7NS3791 | E28: 1 | I28: 45108 | J28: 44538 | K28: 0 | L28: 5 | N28: Старообрядческая, 66
B29: 1\4 | C29: 5 | D29: B7NS3799 | E29: 1 | F29: 1 | I29: 45108 | J29: 44538 | K29: 0 | L29: 5 | N29: Старообрядческая, 66
B30: 1\4 | C30: 6 | D30: B7NS3806 | E30: 1 | I30: 45108 | J30: 44538 | K30: 0 | L30: 5 | N30: Старообрядческая, 66
B31: 1\5 | C31: 7 | D31: B7NS3807 | E31: 1 | I31: 45108 | J31: 44538 | K31: 0 | L31: 5 | N31: Старообрядческая, 66
B32: 8\1 | C32: 1 | D32: B7NS3792 | E32: 1 | F32: 1 | G32: 1 | I32: 45108 | J32: 44538 | K32: 0 | L32: 5 | N32: 65 лет Победы, 63
B33: 8\2 | C33: 2 | D33: B7NS3804 | E33: 1 | I33: 45108 | J33: 44538 | K33: 0 | L33: 5 | N33: 65 лет Победы, 63
B34: 8\3 | C34: 3 | D34: B7NS3794 | E34: 1 | I34: 45108 | J34: 44538 | K34: 0 | L34: 5 | N34: 65 лет Победы, 63
B35: 8\4 | C35: 4 | D35: B7NS3795 | E35: 1 | F35: 3 | G35: 1 | I35: 45108 | J35: 44538 | K35: 0 | L35: 5 | N35: 65 лет Победы, 63
B36: 9\1 | C36: 1 | D36: B7NS3812 | E36: 1 | G36: 1 | I36: 45108 | J36: 44538 | K36: 0 | L36: 5 | N36: 65 лет Победы, 61
B37: 9\2 | C37: 2 | D37: B79S3811 | E37: 1 | I37: 45108 | J37: 44538 | K37: 0 | L37: 5 | N37: 65 лет Победы, 61
B38: 9\3 | C38: 3 | D38: B7NS3810 | E38: 1 | I38: 45108 | J38: 44538 | K38: 0 | L38: 5 | N38: 65 лет Победы, 61
B39: 9\4 | C39: 4 | D39: B7NS3808 | E39: 1 | I39: 45108 | J39: 44538 | K39: 0 | L39: 5 | N39: 65 лет Победы, 61
B40: 10\1 | C40: 1 | D40: B7NS3801 | E40: 1 | F40: 1 | I40: 45108 | J40: 44538 | K40: 0 | L40: 5 | N40: Старообрядческая, 64
B41: 10\2 | C41: 2 | D41: B7NS3802 | E41: 1 | I41: 45108 | J41: 44538 | K41: 0 | L41: 5 | N41: Старообрядческая, 64
B42: 10\3 | C42: 3 | D42: B7NS3803 | E42: 1 | F42: 1 | I42: 45108 | J42: 44538 | K42: 0 | L42: 5 | N42: Старообрядческая, 64
B43: 10\4 | C43: 4 | D43: B7NS3821 | E43: 1 | G43: 1 | I43: 45108 | J43: 44538 | K43: 0 | L43: 5 | N43: Старообрядческая, 64
B44: 10\5 | C44: 5 | D44: B7NS3805 | E44: 1 | F44: 1 | I44: 45108 | J44: 44538 | K44: 0 | L44: 5 | N44: Старообрядческая, 64
B45: 11\1 | C45: 1 | D45: B7NS3818 | E45: 1 | F45: 2 | I45: 45108 | J45: 44538 | K45: 0 | L45: 5 | N45: 65 лет Победы, 59
B46: 11\2 | C46: 2 | D46: B7NS3793 | E46: 1 | I46: 45108 | J46: 44538 | K46: 0 | L46: 5 | N46: 65 лет Победы, 59
B47: 11\3 | C47: 3 | D47: B7NS3820 | E47: 1 | I47: 45108 | J47: 44538 | K47: 0 | L47: 5 | N47: 65 лет Победы, 59
B48: 11\4 | C48: 4 | D48: B7NS3822 | E48: 1 | I48: 45108 | J48: 44538 | K48: 0 | L48: 5 | N48: 65 лет Победы, 59
B49: 12\1 | C49: 1 | D49: B7NS3796 | E49: 1 | F49: 1 | G49: 1 | I49: 45108 | J49: 44538 | K49: 0 | L49: 5 | N49: 65 лет Победы, 57
B50: 12\2 | C50: 2 | D50: B7NS3797 | E50: 1 | G50: 4 | I50: 45108 | J50: 44538 | K50: 0 | L50: 5 | N50: 65 лет Победы, 57
B51: 12\3 | C51: 3 | D51: B7NS3798 | E51: 1 | I51: 45108 | J51: 44538 | K51: 0 | L51: 5 | N51: 65 лет Победы, 57
B52: 12\4 | C52: 4 | D52: B7NS3818 | E52: 1 | I52: 45108 | J52: 44538 | K52: 0 | L52: 5 | N52: 65 лет Победы, 57
B53: 14\1 | C53: 1 | D53: B7NS3787 | E53: 1 | I53: 45108 | J53: 44538 | K53: 0 | L53: 5 | N53: 65 лет Победы, 55/1
B54: 15\1 | C54: 1 | D54: B7NS3885 | E54: 1 | I54: 45108 | J54: 44538 | K54: 0 | L54: 5 | N54: 65 лет Победы, 55
B55: 16\1 | C55: 1 | D55: B7NS3786 | E55: 1 | I55: 45108 | J55: 44538 | K55: 0 | L55: 5 | N55: Воскресенская, 8/1
B56: 17\1 | C56: 1 | D56: B7NS3888 | E56: 1 | I56: 45108 | J56: 44538 | K56: 0 | L56: 5 | N56: 65 лет Победы, 53
B57: 18\1 | C57: 1 | D57: B7NS3789 | E57: 1 | G57: 7 | I57: 45108 | J57: 44538 | K57: 0 | L57: 5 | N57: Воскресенская, 8
B58: 19\1 | C58: 1 | D58: B7NS3790 | E58: 1 | I58: 45108 | J58: 44538 | K58: 0 | L58: 5 | N58: Воскресенская, 6
A59: Сигма А (38 шт.) | B59: 1\1 | C59: 1 | D59: B7NS3901 | E59: 1 | F59: 1 | I59: 45108 | J59: 44575 | K59: 0 | L59: 5 | N59: Воскресенская, 14
B60: 1\2 | C60: 2 | D60: B7NS3902 | E60: 1 | I60: 45108 | J60: 44575 | K60: 0 | L60: 5 | N60: Воскресенская, 14
B61: 1\3 | C61: 3 | D61: B7NS3903 | E61: 1 | I61: 45108 | J61: 44575 | K61: 0 | L61: 5 | N61: Воскресенская, 14
B62: 1\4 | C62: 4 | D62: B7NS3904 | E62: 1 | I62: 45108 | J62: 44575 | K62: 0 | L62: 5 | N62: Воскресенская, 14
B63: 3\1 | C63: 1 | D63: B7NS3961 | E63: 1 | I63: 45108 | J63: 44575 | K63: 0 | L63: 5 | N63: Воскресенская, 14/2
B64: 3\2 | C64: 2 | D64: B7NS3963 | E64: 1 | I64: 45108 | J64: 44575 | K64: 0 | L64: 5 | N64: Воскресенская, 14/2
B65: 3\3 | C65: 3 | D65: B7NS3951 | E65: 1 | I65: 45108 | J65: 44575 | K65: 0 | L65: 5 | N65: Воскресенская, 14/2
B66: 3\4 | C66: 4 | D66: B7NS3960 | E66: 1 | I66: 45108 | J66: 44575 | K66: 0 | L66: 5 | N66: Воскресенская, 14/2
B67: 3\5 | C67: 5 | D67: B7NS3965 | E67: 1 | I67: 45108 | J67: 44575 | K67: 0 | L67: 5 | N67: Воскресенская, 14/2
B68: 4\1 | C68: 1 | D68: B7NS3964 | E68: 1 | F68: 1 | I68: 45108 | J68: 44575 | K68: 0 | L68: 5 | N68: Воскресенская, 14/3
B69: 4\2 | C69: 2 | D69: B7NS3966 | E69: 1 | I69: 45108 | J69: 44575 | K69: 0 | L69: 5 | N69: Воскресенская, 14/3
B70: 4\3 | C70: 3 | D70: B7NS3962 | E70: 1 | I70: 45108 | J70: 44575 | K70: 0 | L70: 5 | N70: Воскресенская, 14/3
B71: 5\1 | C71: 1 | D71: B7NS3919 | E71: 1 | F71: 1 | I71: 45108 | J71: 44575 | K71: 0 | L71: 5 | N71: ​Воскресенская, 12
B72: 5\2 | C72: 2 | D72: B7NS3918 | E72: 1 | I72: 45108 | J72: 44575 | K72: 0 | L72: 5 | N72: ​Воскресенская, 12
B73: 5\2 | C73: 3 | D73: 708514 | E73: 1 | I73: 45108 | J73: 44575 | K73: 0 | L73: 5 | N73: ​Воскресенская, 12
B74: 5\3 | C74: 4 | D74: B7NS3917 | E74: 1 | I74: 45108 | J74: 44575 | K74: 0 | L74: 5 | N74: ​Воскресенская, 12
B75: 5\4 | C75: 5 | D75: B7NS3920 | E75: 1 | I75: 45108 | J75: 44575 | K75: 0 | L75: 5 | N75: ​Воскресенская, 12
B76: 5\4 | C76: 6 | D76: 708513 | E76: 1 | I76: 45108 | J76: 44575 | K76: 0 | L76: 5 | N76: ​Воскресенская, 12
B77: 5\5 | C77: 7 | D77: B7NS3921 | E77: 1 | I77: 45108 | J77: 44575 | K77: 0 | L77: 5 | N77: ​Воскресенская, 12
B78: 6\1 | C78: 1 | D78: B7NS3922 | E78: 1 | I78: 45108 | J78: 44575 | K78: 0 | L78: 5 | N78: Олимпийский проспект, 31
B79: 6\2 | C79: 2 | D79: B7NS3923 | E79: 1 | I79: 45108 | J79: 44575 | K79: 0 | L79: 5 | N79: Олимпийский проспект, 31
B80: 6\3 | C80: 3 | D80: B7NS3924 | E80: 1 | I80: 45108 | J80: 44575 | K80: 0 | L80: 5 | N80: Олимпийский проспект, 31
B81: 7\1 | C81: 1 | D81: B7NS3927 | E81: 1 | I81: 45108 | J81: 44575 | K81: 0 | L81: 5 | N81: Олимпийский проспект, 33
B82: 7\2 | C82: 2 | D82: B7NS3928 | E82: 1 | F82: 1 | I82: 45108 | J82: 44575 | K82: 0 | L82: 5 | N82: Олимпийский проспект, 33
B83: 7\3 | C83: 3 | D83: B7NS3954 | E83: 1 | G83: 1 | I83: 45108 | J83: 44575 | K83: 0 | L83: 5 | N83: Олимпийский проспект, 33
B84: 7\4 | C84: 4 | D84: B7NS3955 | E84: 1 | I84: 45108 | J84: 44575 | K84: 0 | L84: 5 | N84: Олимпийский проспект, 33
B85: 8\1 | C85: 1 | D85: B7NS3929 | E85: 1 | G85: 1 | I85: 45108 | J85: 44575 | K85: 0 | L85: 5 | N85: Олимпийский проспект, 35
B86: 8\2 | C86: 2 | D86: B7NS3930 | E86: 1 | F86: 1 | G86: 2 | I86: 45108 | J86: 44575 | K86: 0 | L86: 5 | N86: Олимпийский проспект, 35
B87: 8\3 | C87: 3 | D87: B7NS3931 | E87: 1 | G87: 1 | I87: 45108 | J87: 44575 | K87: 0 | L87: 5 | N87: Олимпийский проспект, 35
B88: 8\4 | C88: 4 | D88: B7NS3932 | E88: 1 | I88: 45108 | J88: 44575 | K88: 0 | L88: 5 | N88: Олимпийский проспект, 35
B89: 9\1 | C89: 1 | D89: B7NS3933 | E89: 1 | F89: 2 | I89: 45108 | J89: 44575 | K89: 0 | L89: 5 | N89: Олимпийский проспект, 37
B90: 9\2 | C90: 2 | D90: B7NS3934 | E90: 1 | I90: 45108 | J90: 44575 | K90: 0 | L90: 5 | N90: Олимпийский проспект, 37
B91: 9\3 | C91: 3 | D91: B7NS3935 | E91: 1 | F91: 1 | I91: 45108 | J91: 44575 | K91: 0 | L91: 5 | N91: Олимпийский проспект, 37
B92: 9\4 | C92: 4 | D92: B7NS3936 | E92: 1 | I92: 45108 | J92: 44575 | K92: 0 | L92: 5 | N92: Олимпийский проспект, 37
B93: 9\5 | C93: 5 | D93: B7NS3937 | E93: 1 | I93: 45108 | J93: 44575 | K93: 0 | L93: 5 | N93: Олимпийский проспект, 37
B94: 10\1 | C94: 1 | D94: B7NS3938 | E94: 1 | G94: 1 | I94: 45108 | J94: 44575 | K94: 0 | L94: 5 | N94: Олимпийский проспект, 39
B95: 10\2 | C95: 2 | D95: B7NS3939 | E95: 1 | G95: 1 | I95: 45108 | J95: 44575 | K95: 0 | L95: 5 | N95: Олимпийский проспект, 39
B96: 10\3 | C96: 3 | D96: B7NS3940 | E96: 1 | I96: 45108 | J96: 44575 | K96: 0 | L96: 5 | N96: Олимпийский проспект, 39
A97: Сигма Б, В (36 шт.) | B97: 11\2 | C97: 2 | D97: 707388 | E97: 0 | I97: 45108 | J97: 44575 | K97: 0 | L97: 5 | N97: Рекордов, 15
B98: 11\3 | C98: 3 | D98: 707389 | E98: 0 | I98: 45108 | J98: 44575 | K98: 0 | L98: 5 | N98: Рекордов, 15
B99: 11\4 | C99: 4 | D99: 707390 | E99: 0 | I99: 45108 | J99: 44575 | K99: 0 | L99: 5 | N99: Рекордов, 15
B100: 11\5 | C100: 5 | D100: 707391 | E100: 0 | I100: 45108 | J100: 44575 | K100: 0 | L100: 5 | N100: Рекордов, 15
...

Sheet Сентябрь 2022
A1: Сводная таблица всех лифтов Департамента управления гостиницами
A2: Название Объекта | B2: Номер корпуса\секции | C2: Номер лифта (порядковый) | D2: Номер лифта(заводской) | E2: В Работе\отключен | F2: Заявки по замене расходных материалов(кнопки, тросики, лампы) | G2: Заявки по застреваниям и поломкам лифтов | H2: Краткое описание проблем | I2: Дата ближайшего тех.освидетельствования | J2: Дата окончания страховки | K2: Лифт для ППП | L2: Кол-во остановок | M2: г\п | N2: Адрес | O2: Модель лифта
A3: Апарт-отель | B3: нет | C3: 1 | D3: B7NS4223 | E3: 1 | I3: 45139 | J3: 44927 | K3: 1 | L3: 13 | M3: 1350 | N3: Триумфальный проезд, 3 | O3: Otis xizi | S3: Дельта | T3: Кнопки и прочие мелочи: | U3: =SUM(F16:F24) -> 2
B4: нет | C4: 2 | D4: B7NS4224 | E4: 1 | I4: 45139 | J4: 44927 | K4: 0 | L4: 12 | M4: 800 | N4: Триумфальный проезд, 3 | O4: Otis xizi | T4: Серьезные поломки: | U4: =SUM(G16:G24) -> 5
B5: нет | C5: 3 | D5: B7NS4225 | E5: 1 | I5: 45139 | J5: 44927 | K5: 0 | L5: 11 | M5: 800 | N5: Триумфальный проезд, 3 | O5: Otis xizi | S5: Гамма | T5: Кнопки и прочие мелочи: | U5: =SUM(F25:F58) -> 6
B6: нет | C6: 4 | D6: B7NS4226 | E6: 1 | I6: 45139 | J6: 44927 | K6: 0 | L6: 11 | M6: 800 | N6: Триумфальный проезд, 3 | O6: Otis xizi | T6: Серьезные поломки: | U6: =SUM(G25:G58) -> 23
B7: нет | C7: 5 | D7: B7NS4227 | E7: 1 | I7: 45139 | J7: 44927 | K7: 0 | L7: 12 | M7: 1000 | N7: Триумфальный проезд, 3 | O7: Otis xizi | S7: Сигма | T7: Кнопки и прочие мелочи: | U7: =SUM(F59:F138) -> 9
B8: нет | C8: 6 | D8: B7NS4228 | E8: 1 | I8: 45139 | J8: 44927 | K8: 0 | L8: 3 | M8: 800 | N8: Триумфальный проезд, 3 | O8: Otis xizi | T8: Серьезные поломки: | U8: =SUM(G59:G138) -> 10
B9: нет | C9: 7 | D9: B7NS4229 | E9: 1 | I9: 45139 | J9: 44927 | K9: 0 | L9: 2 | M9: 250 | N9: Триумфальный проезд, 3 | O9: Metallschneider Gmbl, малый грузовой | S9: Омега | T9: Кнопки и прочие мелочи: | U9: =SUM(F139:F146) -> 0
B10: нет | C10: 8 | D10: B7NS4230 | E10: 1 | I10: 45139 | J10: 44927 | K10: 0 | L10: 3 | M10: 1000 | N10: Триумфальный проезд, 3 | O10: Otis xizi | T10: Серьезные поломки: | U10: =SUM(G139:G146) -> 7
B11: нет | C11: 9 | D11: B7NS4231 | E11: 1 | I11: 45139 | J11: 44927 | K11: 0 | L11: 3 | M11: 1000 | N11: Триумфальный проезд, 3 | O11: Otis xizi | S11: Парусная | T11: Кнопки и прочие мелочи: | U11: =SUM(F147:F150) -> 0
B12: нет | C12: 10 | D12: B7NS4232 | E12: 1 | I12: 45139 | J12: 44927 | K12: 0 | L12: 2 | M12: 250 | N12: Триумфальный проезд, 3 | O12: Metallschneider Gmbl, малый грузовой | T12: Серьезные поломки: | U12: =SUM(G147:G150) -> 0
B13: нет | C13: 11 | D13: B7NS4233 | E13: 1 | I13: 45139 | J13: 44927 | K13: 0 | L13: 12 | M13: 800 | N13: Триумфальный проезд, 3 | O13: Otis xizi | S13: Апарт-отель | T13: Кнопки и прочие мелочи: | U13: =SUM(F3:F15) -> 0
B14: нет | C14: 12 | D14: B7NS4234 | E14: 1 | I14: 45139 | J14: 44927 | K14: 0 | L14: 12 | M14: 800 | N14: Триумфальный проезд, 3 | O14: Otis xizi | T14: Серьезные поломки: | U14: =SUM(G3:G15) -> 0
B15: нет | C15: 13 | D15: B7NS4235 | E15: 1 | I15: 45139 | J15: 44927 | K15: 1 | L15: 13 | M15: 1350 | N15: Триумфальный проезд, 3 | O15: Otis xizi | S15: Кампус | T15: Кнопки и прочие мелочи: | U15: =SUM(F193:F213) -> 3
A16: Дельта Сириус | B16: нет | C16: 1 | D16: 20110288-1 | E16: 1 | F16: 1 | I16: 45108 | J16: 44927 | K16: 0 | L16: 9 | M16: 1600 | N16: Триумфальный проезд, 1 | O16: ThyssenKrupp (Корея) | T16: Серьезные поломки: | U16: =SUM(G193:G213) -> 9
B17: нет | C17: 2 | D17: 20110288-2 | E17: 1 | I17: 45108 | J17: 44927 | K17: 0 | L17: 9 | M17: 1600 | N17: Триумфальный проезд, 1 | O17: ThyssenKrupp (Корея) | S17: ПНиИ | T17: Кнопки и прочие мелочи: | U17: =SUM(F160:F192) -> 0
B18: нет | C18: 3 | D18: 20110288-3 | E18: 1 | G18: 1 | I18: 45108 | J18: 44927 | K18: 0 | L18: 9 | M18: 1600 | N18: Триумфальный проезд, 1 | O18: ThyssenKrupp (Корея) | T18: Серьезные поломки: | U18: =SUM(G160:G192) -> 1
B19: нет | C19: 4 | D19: 20110288-4 | E19: 1 | I19: 45108 | J19: 44927 | K19: 1 | L19: 9 | M19: 1600 | N19: Триумфальный проезд, 1 | O19: ThyssenKrupp (Корея) | S19: Международная | T19: Кнопки и прочие мелочи: | U19: =SUM(F151:F159) -> 4
B20: нет | C20: 5 | D20: 20110288-5 | E20: 1 | I20: 45108 | J20: 44927 | K20: 1 | L20: 9 | M20: 1600 | N20: Триумфальный проезд, 1 | O20: ThyssenKrupp (Корея) | T20: Серьезные поломки: | U20: =SUM(G151:G159) -> 0
B21: нет | C21: 6 | D21: 20110288-6 | E21: 1 | I21: 45108 | J21: 44927 | K21: 1 | L21: 10 | M21: 1275 | N21: Триумфальный проезд, 1 | O21: ThyssenKrupp (Корея) | S21: Воскресенская | T21: Кнопки и прочие мелочи: | U21: =SUM(F214:F218) -> 1
B22: нет | C22: 7 | D22: 20110288-7 | E22: 1 | F22: 1 | I22: 45108 | J22: 44927 | K22: 1 | L22: 10 | M22: 1275 | N22: Триумфальный проезд, 1 | O22: ThyssenKrupp (Корея) | T22: Серьезные поломки: | U22: =SUM(G214:G218) -> 5
B23: нет | C23: 8 | D23: 20110288-8 | E23: 1 | G23: 3 | I23: 45108 | J23: 44927 | K23: 0 | L23: 3 | M23: 1000 | N23: Триумфальный проезд, 1 | O23: ThyssenKrupp (Корея)
B24: нет | C24: 9 | D24: 20110288-9 | E24: 1 | G24: 1 | I24: 45108 | J24: 44927 | K24: 0 | L24: 3 | M24: 1000 | N24: Триумфальный проезд, 1 | O24: ThyssenKrupp (Корея)
A25: Гамма Сириус | B25: 1\1 | C25: 1 | D25: B7NS3809 | E25: 1 | F25: 1 | I25: 45108 | J25: 44927 | K25: 0 | L25: 5 | M25: 1000 | N25: Старообрядческая, 66 | O25: Otis xizi | S25: Итого: | T25: Кнопки и прочие мелочи: | U25: =SUM(U3+U5+U8+U9+U11+U13+U15+U17+U19+U21) -> 26
B26: 1\2 | C26: 2 | D26: 708509 | E26: 1 | I26: 45108 | J26: 44927 | K26: 0 | L26: 5 | M26: 1000 | N26: Старообрядческая, 66 | O26: Kleemann | T26: Серьезные поломки: | U26: =SUM(U4+U6+U8+U10+U12+U14+U16+U18+U20+U22) -> 60
B27: 1\2 | C27: 3 | D27: B7NS3806 | E27: 1 | G27: 1 | I27: 45108 | J27: 44927 | K27: 0 | L27: 5 | M27: 1000 | N27: Старообрядческая, 66 | O27: Otis xizi | T27: Все заявки | U27: =SUM(U25:U26) -> 86
B28: 1\3 | C28: 4 | D28: B7NS3791 | E28: 1 | I28: 45108 | J28: 44927 | K28: 0 | L28: 5 | M28: 1000 | N28: Старообрядческая, 66 | O28: Otis xizi
B29: 1\4 | C29: 5 | D29: B7NS3799 | E29: 1 | I29: 45108 | J29: 44927 | K29: 0 | L29: 5 | M29: 1000 | N29: Старообрядческая, 66 | O29: Otis xizi
B30: 1\4 | C30: 6 | D30: 708511 | E30: 1 | I30: 45108 | J30: 44927 | K30: 0 | L30: 5 | M30: 1000 | N30: Старообрядческая, 66 | O30: Kleemann
B31: 1\5 | C31: 7 | D31: B7NS3807 | E31: 1 | I31: 45108 | J31: 44927 | K31: 0 | L31: 5 | M31: 1000 | N31: Старообрядческая, 66 | O31: Otis xizi
B32: 8\1 | C32: 1 | D32: B7NS3792 | E32: 1 | G32: 1 | I32: 45108 | J32: 44927 | K32: 0 | L32: 5 | M32: 1000 | N32: 65 лет Победы, 63 | O32: Otis xizi
B33: 8\2 | C33: 2 | D33: B7NS3804 | E33: 1 | I33: 45108 | J33: 44927 | K33: 0 | L33: 5 | M33: 1000 | N33: 65 лет Победы, 63 | O33: Otis xizi
B34: 8\3 | C34: 3 | D34: B7NS3794 | E34: 1 | G34: 2 | I34: 45108 | J34: 44927 | K34: 0 | L34: 5 | M34: 1000 | N34: 65 лет Победы, 63 | O34: Otis xizi
B35: 8\4 | C35: 4 | D35: B7NS3795 | E35: 1 | I35: 45108 | J35: 44927 | K35: 0 | L35: 5 | M35: 1000 | N35: 65 лет Победы, 63 | O35: Otis xizi
B36: 9\1 | C36: 1 | D36: B7NS3812 | E36: 1 | I36: 45108 | J36: 44927 | K36: 0 | L36: 5 | M36: 1000 | N36: 65 лет Победы, 61 | O36: Otis xizi
B37: 9\2 | C37: 2 | D37: B79S3811 | E37: 1 | G37: 1 | I37: 45108 | J37: 44927 | K37: 0 | L37: 5 | M37: 1000 | N37: 65 лет Победы, 61 | O37: Otis xizi
B38: 9\3 | C38: 3 | D38: B7NS3810 | E38: 1 | F38: 1 | G38: 2 | I38: 45108 | J38: 44927 | K38: 0 | L38: 5 | M38: 1000 | N38: 65 лет Победы, 61 | O38: Otis xizi
B39: 9\4 | C39: 4 | D39: B7NS3808 | E39: 1 | F39: 1 | G39: 1 | I39: 45108 | J39: 44927 | K39: 0 | L39: 5 | M39: 1000 | N39: 65 лет Победы, 61 | O39: Otis xizi
B40: 10\1 | C40: 1 | D40: B7NS3801 | E40: 1 | I40: 45108 | J40: 44927 | K40: 0 | L40: 5 | M40: 1000 | N40: Старообрядческая, 64 | O40: Otis xizi
B41: 10\2 | C41: 2 | D41: B7NS3802 | E41: 1 | I41: 45108 | J41: 44927 | K41: 0 | L41: 5 | M41: 1000 | N41: Старообрядческая, 64 | O41: Otis xizi
B42: 10\3 | C42: 3 | D42: B7NS3803 | E42: 1 | I42: 45108 | J42: 44927 | K42: 0 | L42: 5 | M42: 1000 | N42: Старообрядческая, 64 | O42: Otis xizi
B43: 10\4 | C43: 4 | D43: B7NS3821 | E43: 1 | I43: 45108 | J43: 44927 | K43: 0 | L43: 5 | M43: 1000 | N43: Старообрядческая, 64 | O43: Otis xizi
B44: 10\5 | C44: 5 | D44: B7NS3805 | E44: 1 | F44: 1 | I44: 45108 | J44: 44927 | K44: 0 | L44: 5 | M44: 1000 | N44: Старообрядческая, 64 | O44: Otis xizi
B45: 11\1 | C45: 1 | D45: B7NS3818 | E45: 1 | I45: 45108 | J45: 44927 | K45: 0 | L45: 5 | M45: 1000 | N45: 65 лет Победы, 59 | O45: Otis xizi
B46: 11\2 | C46: 2 | D46: B7NS3793 | E46: 1 | I46: 45108 | J46: 44927 | K46: 0 | L46: 5 | M46: 1000 | N46: 65 лет Победы, 59 | O46: Otis xizi
B47: 11\3 | C47: 3 | D47: B7NS3820 | E47: 1 | I47: 45108 | J47: 44927 | K47: 0 | L47: 5 | M47: 1000 | N47: 65 лет Победы, 59 | O47: Otis xizi
B48: 11\4 | C48: 4 | D48: B7NS3822 | E48: 1 | I48: 45108 | J48: 44927 | K48: 0 | L48: 5 | M48: 1000 | N48: 65 лет Победы, 59 | O48: Otis xizi
B49: 12\1 | C49: 1 | D49: B7NS3796 | E49: 1 | G49: 1 | I49: 45108 | J49: 44927 | K49: 0 | L49: 5 | M49: 1000 | N49: 65 лет Победы, 57 | O49: Otis xizi
B50: 12\2 | C50: 2 | D50: B7NS3797 | E50: 1 | I50: 45108 | J50: 44927 | K50: 0 | L50: 5 | M50: 1000 | N50: 65 лет Победы, 57 | O50: Otis xizi
B51: 12\3 | C51: 3 | D51: B7NS3798 | E51: 1 | I51: 45108 | J51: 44927 | K51: 0 | L51: 5 | M51: 1000 | N51: 65 лет Победы, 57 | O51: Otis xizi
B52: 12\4 | C52: 4 | D52: B7NS3818 | E52: 1 | F52: 1 | I52: 45108 | J52: 44927 | K52: 0 | L52: 5 | M52: 1000 | N52: 65 лет Победы, 57 | O52: Otis xizi
B53: 14\1 | C53: 1 | D53: B7NS3787 | E53: 1 | G53: 4 | I53: 45108 | J53: 44927 | K53: 0 | L53: 5 | M53: 1000 | N53: 65 лет Победы, 55/1 | O53: Otis xizi
B54: 15\1 | C54: 1 | D54: B7NS3885 | E54: 1 | I54: 45108 | J54: 44927 | K54: 0 | L54: 5 | M54: 1000 | N54: 65 лет Победы, 55 | O54: Otis xizi
B55: 16\1 | C55: 1 | D55: B7NS3786 | E55: 1 | I55: 45108 | J55: 44927 | K55: 0 | L55: 5 | M55: 1000 | N55: Воскресенская, 8/1 | O55: Otis xizi
B56: 17\1 | C56: 1 | D56: B7NS3888 | E56: 1 | F56: 1 | I56: 45108 | J56: 44927 | K56: 0 | L56: 5 | M56: 1000 | N56: 65 лет Победы, 53 | O56: Otis xizi
B57: 18\1 | C57: 1 | D57: B7NS3789 | E57: 1 | G57: 10 | I57: 45108 | J57: 44927 | K57: 0 | L57: 5 | M57: 1000 | N57: Воскресенская, 8 | O57: Otis xizi
B58: 19\1 | C58: 1 | D58: B7NS3790 | E58: 1 | I58: 45108 | J58: 44927 | K58: 0 | L58: 5 | M58: 1000 | N58: Воскресенская, 6 | O58: Otis xizi
A59: Сигма А (38 шт.) | B59: 1\1 | C59: 1 | D59: B7NS3901 | E59: 1 | G59: 1 | I59: 45108 | J59: 44927 | K59: 0 | L59: 5 | M59: 1000 | N59: Воскресенская, 14 | O59: Otis xizi
B60: 1\2 | C60: 2 | D60: B7NS3902 | E60: 1 | I60: 45108 | J60: 44927 | K60: 0 | L60: 5 | M60: 1000 | N60: Воскресенская, 14 | O60: Otis xizi
B61: 1\3 | C61: 3 | D61: B7NS3903 | E61: 1 | I61: 45108 | J61: 44927 | K61: 0 | L61: 5 | M61: 1000 | N61: Воскресенская, 14 | O61: Otis xizi
B62: 1\4 | C62: 4 | D62: B7NS3904 | E62: 1 | I62: 45108 | J62: 44927 | K62: 0 | L62: 5 | M62: 1000 | N62: Воскресенская, 14 | O62: Otis xizi
B63: 3\1 | C63: 1 | D63: B7NS3961 | E63: 1 | G63: 1 | I63: 45108 | J63: 44927 | K63: 0 | L63: 5 | M63: 1000 | N63: Воскресенская, 14/2 | O63: Otis xizi
B64: 3\2 | C64: 2 | D64: B7NS3963 | E64: 1 | I64: 45108 | J64: 44927 | K64: 0 | L64: 5 | M64: 1000 | N64: Воскресенская, 14/2 | O64: Otis xizi
B65: 3\3 | C65: 3 | D65: B7NS3951 | E65: 1 | I65: 45108 | J65: 44927 | K65: 0 | L65: 5 | M65: 1000 | N65: Воскресенская, 14/2 | O65: Otis xizi
B66: 3\4 | C66: 4 | D66: B7NS3960 | E66: 1 | I66: 45108 | J66: 44927 | K66: 0 | L66: 5 | M66: 1000 | N66: Воскресенская, 14/2 | O66: Otis xizi
B67: 3\5 | C67: 5 | D67: B7NS3965 | E67: 1 | I67: 45108 | J67: 44927 | K67: 0 | L67: 5 | M67: 1000 | N67: Воскресенская, 14/2 | O67: Otis xizi
B68: 4\1 | C68: 1 | D68: B7NS3964 | E68: 1 | I68: 45108 | J68: 44927 | K68: 0 | L68: 5 | M68: 1000 | N68: Воскресенская, 14/3 | O68: Otis xizi
B69: 4\2 | C69: 2 | D69: B7NS3966 | E69: 1 | G69: 1 | I69: 45108 | J69: 44927 | K69: 0 | L69: 5 | M69: 1000 | N69: Воскресенская, 14/3 | O69: Otis xizi
B70: 4\3 | C70: 3 | D70: B7NS3962 | E70: 1 | I70: 45108 | J70: 44927 | K70: 0 | L70: 5 | M70: 1000 | N70: Воскресенская, 14/3 | O70: Otis xizi
B71: 5\1 | C71: 1 | D71: B7NS3919 | E71: 1 | I71: 45108 | J71: 44927 | K71: 0 | L71: 5 | M71: 1000 | N71: ​Воскресенская, 12 | O71: Otis xizi
B72: 5\2 | C72: 2 | D72: B7NS3918 | E72: 1 | I72: 45108 | J72: 44927 | K72: 0 | L72: 5 | M72: 1000 | N72: ​Воскресенская, 12 | O72: Otis xizi
B73: 5\2 | C73: 3 | D73: 708514 | E73: 1 | I73: 45108 | J73: 44927 | K73: 0 | L73: 5 | M73: 1000 | N73: ​Воскресенская, 12 | O73: Kleemann
B74: 5\3 | C74: 4 | D74: B7NS3917 | E74: 1 | I74: 45108 | J74: 44927 | K74: 0 | L74: 5 | M74: 1000 | N74: ​Воскресенская, 12 | O74: Otis xizi
B75: 5\4 | C75: 5 | D75: B7NS3920 | E75: 1 | G75: 1 | I75: 45108 | J75: 44927 | K75: 0 | L75: 5 | M75: 1000 | N75: ​Воскресенская, 12 | O75: Otis xizi
B76: 5\4 | C76: 6 | D76: 708513 | E76: 1 | I76: 45108 | J76: 44927 | K76: 0 | L76: 5 | M76: 1000 | N76: ​Воскресенская, 12 | O76: Kleemann
B77: 5\5 | C77: 7 | D77: B7NS3921 | E77: 1 | I77: 45108 | J77: 44927 | K77: 0 | L77: 5 | M77: 1000 | N77: ​Воскресенская, 12 | O77: Otis xizi
B78: 6\1 | C78: 1 | D78: B7NS3922 | E78: 1 | I78: 45108 | J78: 44927 | K78: 0 | L78: 5 | M78: 1000 | N78: Олимпийский проспект, 31 | O78: Otis xizi
B79: 6\2 | C79: 2 | D79: B7NS3923 | E79: 1 | I79: 45108 | J79: 44927 | K79: 0 | L79: 5 | M79: 1000 | N79: Олимпийский проспект, 31 | O79: Otis xizi
B80: 6\3 | C80: 3 | D80: B7NS3924 | E80: 1 | I80: 45108 | J80: 44927 | K80: 0 | L80: 5 | M80: 1000 | N80: Олимпийский проспект, 31 | O80: Otis xizi
B81: 7\1 | C81: 1 | D81: B7NS3927 | E81: 1 | I81: 45108 | J81: 44927 | K81: 0 | L81: 5 | M81: 1000 | N81: Олимпийский проспект, 33 | O81: Otis xizi
B82: 7\2 | C82: 2 | D82: B7NS3928 | E82: 1 | G82: 1 | I82: 45108 | J82: 44927 | K82: 0 | L82: 5 | M82: 1000 | N82: Олимпийский проспект, 33 | O82: Otis xizi
B83: 7\3 | C83: 3 | D83: B7NS3954 | E83: 1 | I83: 45108 | J83: 44927 | K83: 0 | L83: 5 | M83: 1000 | N83: Олимпийский проспект, 33 | O83: Otis xizi
B84: 7\4 | C84: 4 | D84: B7NS3955 | E84: 1 | G84: 1 | I84: 45108 | J84: 44927 | K84: 0 | L84: 5 | M84: 1000 | N84: Олимпийский проспект, 33 | O84: Otis xizi
B85: 8\1 | C85: 1 | D85: B7NS3929 | E85: 1 | I85: 45108 | J85: 44927 | K85: 0 | L85: 5 | M85: 1000 | N85: Олимпийский проспект, 35 | O85: Otis xizi
B86: 8\2 | C86: 2 | D86: B7NS3930 | E86: 1 | I86: 45108 | J86: 44927 | K86: 0 | L86: 5 | M86: 1000 | N86: Олимпийский проспект, 35 | O86: Otis xizi
B87: 8\3 | C87: 3 | D87: B7NS3931 | E87: 1 | I87: 45108 | J87: 44927 | K87: 0 | L87: 5 | M87: 1000 | N87: Олимпийский проспект, 35 | O87: Otis xizi
B88: 8\4 | C88: 4 | D88: B7NS3932 | E88: 1 | I88: 45108 | J88: 44927 | K88: 0 | L88: 5 | M88: 1000 | N88: Олимпийский проспект, 35 | O88: Otis xizi
B89: 9\1 | C89: 1 | D89: B7NS3933 | E89: 1 | F89: 1 | I89: 45108 | J89: 44927 | K89: 0 | L89: 5 | M89: 1000 | N89: Олимпийский проспект, 37 | O89: Otis xizi
B90: 9\2 | C90: 2 | D90: B7NS3934 | E90: 1 | I90: 45108 | J90: 44927 | K90: 0 | L90: 5 | M90: 1000 | N90: Олимпийский проспект, 37 | O90: Otis xizi
B91: 9\3 | C91: 3 | D91: B7NS3935 | E91: 1 | I91: 45108 | J91: 44927 | K91: 0 | L91: 5 | M91: 1000 | N91: Олимпийский проспект, 37 | O91: Otis xizi
B92: 9\4 | C92: 4 | D92: B7NS3936 | E92: 1 | F92: 1 | I92: 45108 | J92: 44927 | K92: 0 | L92: 5 | M92: 1000 | N92: Олимпийский проспект, 37 | O92: Otis xizi
B93: 9\5 | C93: 5 | D93: B7NS3937 | E93: 1 | F93: 1 | I93: 45108 | J93: 44927 | K93: 0 | L93: 5 | M93: 1000 | N93: Олимпийский проспект, 37 | O93: Otis xizi
B94: 10\1 | C94: 1 | D94: B7NS3938 | E94: 1 | I94: 45108 | J94: 44927 | K94: 0 | L94: 5 | M94: 1000 | N94: Олимпийский проспект, 39 | O94: Otis xizi
B95: 10\2 | C95: 2 | D95: B7NS3939 | E95: 1 | I95: 45108 | J95: 44927 | K95: 0 | L95: 5 | M95: 1000 | N95: Олимпийский проспект, 39 | O95: Otis xizi
B96: 10\3 | C96: 3 | D96: B7NS3940 | E96: 1 | I96: 45108 | J96: 44927 | K96: 0 | L96: 5 | M96: 1000 | N96: Олимпийский проспект, 39 | O96: Otis xizi
A97: Сигма Б, В (36 шт.) | B97: 11\2 | C97: 2 | D97: 707388 | E97: 1 | I97: 45108 | J97: 44927 | K97: 0 | L97: 5 | M97: 1000 | N97: Рекордов, 15 | O97: Kleemann
B98: 11\3 | C98: 3 | D98: 707389 | E98: 1 | I98: 45108 | J98: 44927 | K98: 0 | L98: 5 | M98: 1000 | N98: Рекордов, 15 | O98: Kleemann
B99: 11\4 | C99: 4 | D99: 707390 | E99: 1 | I99: 45108 | J99: 44927 | K99: 0 | L99: 5 | M99: 1000 | N99: Рекордов, 15 | O99: Kleemann
B100: 11\5 | C100: 5 | D100: 707391 | E100: 1 | I100: 45108 | J100: 44927 | K100: 0 | L100: 5 | M100: 1000 | N100: Рекордов, 15 | O100: Kleemann
...

Sheet Октябрь 2022
A1: Сводная таблица всех лифтов Департамента управления гостиницами
A2: Название Объекта | B2: Номер корпуса\секции | C2: Номер лифта (порядковый) | D2: Номер лифта(заводской) | E2: В Работе\отключен | F2: Заявки по замене расходных материалов(кнопки, тросики, лампы) | G2: Заявки по застреваниям и поломкам лифтов | H2: Краткое описание проблем | I2: Дата ближайшего тех.освидетельствования | J2: Дата окончания страховки | K2: Лифт для ППП | L2: Кол-во остановок | M2: г\п | N2: Адрес | O2: Модель лифта
A3: Апарт-отель | B3: нет | C3: 1 | D3: B7NS4223 | E3: в работе | I3: 45139 | J3: 44927 | K3: 1 | L3: 13 | M3: 1350 | N3: Триумфальный проезд, 3 | O3: Otis xizi | S3: Дельта | T3: Кнопки и прочие мелочи: | U3: =SUM(F16:F24) -> 2
B4: нет | C4: 2 | D4: B7NS4224 | E4: отключен | I4: 45139 | J4: 44927 | K4: 0 | L4: 12 | M4: 800 | N4: Триумфальный проезд, 3 | O4: Otis xizi | T4: Серьезные поломки: | U4: =SUM(G16:G24) -> 4
B5: нет | C5: 3 | D5: B7NS4225 | E5: отключен | I5: 45139 | J5: 44927 | K5: 0 | L5: 11 | M5: 800 | N5: Триумфальный проезд, 3 | O5: Otis xizi | S5: Гамма | T5: Кнопки и прочие мелочи: | U5: =SUM(F25:F58) -> 8
B6: нет | C6: 4 | D6: B7NS4226 | E6: отключен | I6: 45139 | J6: 44927 | K6: 0 | L6: 11 | M6: 800 | N6: Триумфальный проезд, 3 | O6: Otis xizi | T6: Серьезные поломки: | U6: =SUM(G25:G58) -> 22
B7: нет | C7: 5 | D7: B7NS4227 | E7: в работе | I7: 45139 | J7: 44927 | K7: 0 | L7: 12 | M7: 1000 | N7: Триумфальный проезд, 3 | O7: Otis xizi | S7: Сигма | T7: Кнопки и прочие мелочи: | U7: =SUM(F59:F138) -> 4
B8: нет | C8: 6 | D8: B7NS4228 | E8: в работе | I8: 45139 | J8: 44927 | K8: 0 | L8: 3 | M8: 800 | N8: Триумфальный проезд, 3 | O8: Otis xizi | T8: Серьезные поломки: | U8: =SUM(G59:G138) -> 6
B9: нет | C9: 7 | D9: B7NS4229 | E9: отключен | I9: 45139 | J9: 44927 | K9: 0 | L9: 2 | M9: 250 | N9: Триумфальный проезд, 3 | O9: Metallschneider Gmbl, малый грузовой | S9: Омега | T9: Кнопки и прочие мелочи: | U9: =SUM(F139:F146) -> 1
B10: нет | C10: 8 | D10: B7NS4230 | E10: в работе | I10: 45139 | J10: 44927 | K10: 0 | L10: 3 | M10: 1000 | N10: Триумфальный проезд, 3 | O10: Otis xizi | T10: Серьезные поломки: | U10: =SUM(G139:G146) -> 4
B11: нет | C11: 9 | D11: B7NS4231 | E11: в работе | I11: 45139 | J11: 44927 | K11: 0 | L11: 3 | M11: 1000 | N11: Триумфальный проезд, 3 | O11: Otis xizi | S11: Парусная | T11: Кнопки и прочие мелочи: | U11: =SUM(F147:F150) -> 0
B12: нет | C12: 10 | D12: B7NS4232 | E12: отключен | I12: 45139 | J12: 44927 | K12: 0 | L12: 2 | M12: 250 | N12: Триумфальный проезд, 3 | O12: Metallschneider Gmbl, малый грузовой | T12: Серьезные поломки: | U12: =SUM(G147:G150) -> 0
B13: нет | C13: 11 | D13: B7NS4233 | E13: отключен | I13: 45139 | J13: 44927 | K13: 0 | L13: 12 | M13: 800 | N13: Триумфальный проезд, 3 | O13: Otis xizi | S13: Апарт-отель | T13: Кнопки и прочие мелочи: | U13: =SUM(F3:F15) -> 0
B14: нет | C14: 12 | D14: B7NS4234 | E14: отключен | I14: 45139 | J14: 44927 | K14: 0 | L14: 12 | M14: 800 | N14: Триумфальный проезд, 3 | O14: Otis xizi | T14: Серьезные поломки: | U14: =SUM(G3:G15) -> 0
B15: нет | C15: 13 | D15: B7NS4235 | E15: в работе | I15: 45139 | J15: 44927 | K15: 1 | L15: 13 | M15: 1350 | N15: Триумфальный проезд, 3 | O15: Otis xizi | S15: Кампус | T15: Кнопки и прочие мелочи: | U15: =SUM(F193:F213) -> 8
A16: Дельта Сириус | B16: нет | C16: 1 | D16: 20110288-1 | E16: в работе | I16: 45108 | J16: 44927 | K16: 0 | L16: 9 | M16: 1600 | N16: Триумфальный проезд, 1 | O16: ThyssenKrupp (Корея) | T16: Серьезные поломки: | U16: =SUM(G193:G213) -> 1
B17: нет | C17: 2 | D17: 20110288-2 | E17: в работе | I17: 45108 | J17: 44927 | K17: 0 | L17: 9 | M17: 1600 | N17: Триумфальный проезд, 1 | O17: ThyssenKrupp (Корея) | S17: ПНиИ | T17: Кнопки и прочие мелочи: | U17: =SUM(F160:F192) -> 0
B18: нет | C18: 3 | D18: 20110288-3 | E18: в работе | F18: 1 | I18: 45108 | J18: 44927 | K18: 0 | L18: 9 | M18: 1600 | N18: Триумфальный проезд, 1 | O18: ThyssenKrupp (Корея) | T18: Серьезные поломки: | U18: =SUM(G160:G192) -> 1
B19: нет | C19: 4 | D19: 20110288-4 | E19: в работе | G19: 2 | I19: 45108 | J19: 44927 | K19: 1 | L19: 9 | M19: 1600 | N19: Триумфальный проезд, 1 | O19: ThyssenKrupp (Корея) | S19: Международная | T19: Кнопки и прочие мелочи: | U19: =SUM(F151:F159) -> 1
B20: нет | C20: 5 | D20: 20110288-5 | E20: в работе | I20: 45108 | J20: 44927 | K20: 1 | L20: 9 | M20: 1600 | N20: Триумфальный проезд, 1 | O20: ThyssenKrupp (Корея) | T20: Серьезные поломки: | U20: =SUM(G151:G159) -> 0
B21: нет | C21: 6 | D21: 20110288-6 | E21: в работе | I21: 45108 | J21: 44927 | K21: 1 | L21: 10 | M21: 1275 | N21: Триумфальный проезд, 1 | O21: ThyssenKrupp (Корея) | S21: Воскресенская | T21: Кнопки и прочие мелочи: | U21: =SUM(F214:F218) -> 0
B22: нет | C22: 7 | D22: 20110288-7 | E22: в работе | G22: 2 | I22: 45108 | J22: 44927 | K22: 1 | L22: 10 | M22: 1275 | N22: Триумфальный проезд, 1 | O22: ThyssenKrupp (Корея) | T22: Серьезные поломки: | U22: =SUM(G214:G218) -> 0
B23: нет | C23: 8 | D23: 20110288-8 | E23: в работе | F23: 1 | I23: 45108 | J23: 44927 | K23: 0 | L23: 3 | M23: 1000 | N23: Триумфальный проезд, 1 | O23: ThyssenKrupp (Корея)
B24: нет | C24: 9 | D24: 20110288-9 | E24: в работе | I24: 45108 | J24: 44927 | K24: 0 | L24: 3 | M24: 1000 | N24: Триумфальный проезд, 1 | O24: ThyssenKrupp (Корея)
A25: Гамма Сириус | B25: 1\1 | C25: 1 | D25: B7NS3809 | E25: в работе | I25: 45108 | J25: 44896 | K25: 0 | L25: 5 | M25: 1000 | N25: Старообрядческая, 66 | O25: Otis xizi | S25: Итого: | T25: Кнопки и прочие мелочи: | U25: =SUM(U3+U5+U8+U9+U11+U13+U15+U17+U19+U21) -> 26
B26: 1\2 | C26: 2 | D26: 708509 | E26: в работе | I26: 45108 | J26: 44896 | K26: 0 | L26: 5 | M26: 1000 | N26: Старообрядческая, 66 | O26: Kleemann | T26: Серьезные поломки: | U26: =SUM(U4+U6+U8+U10+U12+U14+U16+U18+U20+U22) -> 38
B27: 1\2 | C27: 3 | D27: B7NS3806 | E27: в работе | G27: 1 | I27: 45108 | J27: 44896 | K27: 0 | L27: 5 | M27: 1000 | N27: Старообрядческая, 66 | O27: Otis xizi | T27: Все заявки | U27: =SUM(U25:U26) -> 64
B28: 1\3 | C28: 4 | D28: B7NS3791 | E28: отключен | F28: 1 | I28: 45108 | J28: 44896 | K28: 0 | L28: 5 | M28: 1000 | N28: Старообрядческая, 66 | O28: Otis xizi
B29: 1\4 | C29: 5 | D29: B7NS3799 | E29: в работе | G29: 1 | I29: 45108 | J29: 44896 | K29: 0 | L29: 5 | M29: 1000 | N29: Старообрядческая, 66 | O29: Otis xizi
B30: 1\4 | C30: 6 | D30: 708511 | E30: в работе | I30: 45108 | J30: 44896 | K30: 0 | L30: 5 | M30: 1000 | N30: Старообрядческая, 66 | O30: Kleemann
B31: 1\5 | C31: 7 | D31: B7NS3807 | E31: в работе | I31: 45108 | J31: 44896 | K31: 0 | L31: 5 | M31: 1000 | N31: Старообрядческая, 66 | O31: Otis xizi
B32: 8\1 | C32: 1 | D32: B7NS3792 | E32: в работе | F32: 1 | G32: 2 | I32: 45108 | J32: 44896 | K32: 0 | L32: 5 | M32: 1000 | N32: 65 лет Победы, 63 | O32: Otis xizi
B33: 8\2 | C33: 2 | D33: B7NS3804 | E33: в работе | I33: 45108 | J33: 44896 | K33: 0 | L33: 5 | M33: 1000 | N33: 65 лет Победы, 63 | O33: Otis xizi
B34: 8\3 | C34: 3 | D34: B7NS3794 | E34: в работе | I34: 45108 | J34: 44896 | K34: 0 | L34: 5 | M34: 1000 | N34: 65 лет Победы, 63 | O34: Otis xizi
B35: 8\4 | C35: 4 | D35: B7NS3795 | E35: в работе | I35: 45108 | J35: 44896 | K35: 0 | L35: 5 | M35: 1000 | N35: 65 лет Победы, 63 | O35: Otis xizi
B36: 9\1 | C36: 1 | D36: B7NS3812 | E36: в работе | G36: 1 | I36: 45108 | J36: 44896 | K36: 0 | L36: 5 | M36: 1000 | N36: 65 лет Победы, 61 | O36: Otis xizi
B37: 9\2 | C37: 2 | D37: B79S3811 | E37: в работе | I37: 45108 | J37: 44896 | K37: 0 | L37: 5 | M37: 1000 | N37: 65 лет Победы, 61 | O37: Otis xizi
B38: 9\3 | C38: 3 | D38: B7NS3810 | E38: в работе | G38: 2 | I38: 45108 | J38: 44896 | K38: 0 | L38: 5 | M38: 1000 | N38: 65 лет Победы, 61 | O38: Otis xizi
B39: 9\4 | C39: 4 | D39: B7NS3808 | E39: в работе | G39: 2 | I39: 45108 | J39: 44896 | K39: 0 | L39: 5 | M39: 1000 | N39: 65 лет Победы, 61 | O39: Otis xizi
B40: 10\1 | C40: 1 | D40: B7NS3801 | E40: в работе | I40: 45108 | J40: 44896 | K40: 0 | L40: 5 | M40: 1000 | N40: Старообрядческая, 64 | O40: Otis xizi
B41: 10\2 | C41: 2 | D41: B7NS3802 | E41: в работе | I41: 45108 | J41: 44896 | K41: 0 | L41: 5 | M41: 1000 | N41: Старообрядческая, 64 | O41: Otis xizi
B42: 10\3 | C42: 3 | D42: B7NS3803 | E42: в работе | I42: 45108 | J42: 44896 | K42: 0 | L42: 5 | M42: 1000 | N42: Старообрядческая, 64 | O42: Otis xizi
B43: 10\4 | C43: 4 | D43: B7NS3821 | E43: в работе | F43: 1 | I43: 45108 | J43: 44896 | K43: 0 | L43: 5 | M43: 1000 | N43: Старообрядческая, 64 | O43: Otis xizi
B44: 10\5 | C44: 5 | D44: B7NS3805 | E44: в работе | G44: 1 | I44: 45108 | J44: 44896 | K44: 0 | L44: 5 | M44: 1000 | N44: Старообрядческая, 64 | O44: Otis xizi
B45: 11\1 | C45: 1 | D45: B7NS3818 | E45: в работе | I45: 45108 | J45: 44896 | K45: 0 | L45: 5 | M45: 1000 | N45: 65 лет Победы, 59 | O45: Otis xizi
B46: 11\2 | C46: 2 | D46: B7NS3793 | E46: в работе | I46: 45108 | J46: 44896 | K46: 0 | L46: 5 | M46: 1000 | N46: 65 лет Победы, 59 | O46: Otis xizi
B47: 11\3 | C47: 3 | D47: B7NS3820 | E47: в работе | G47: 2 | I47: 45108 | J47: 44896 | K47: 0 | L47: 5 | M47: 1000 | N47: 65 лет Победы, 59 | O47: Otis xizi
B48: 11\4 | C48: 4 | D48: B7NS3822 | E48: в работе | I48: 45108 | J48: 44896 | K48: 0 | L48: 5 | M48: 1000 | N48: 65 лет Победы, 59 | O48: Otis xizi
B49: 12\1 | C49: 1 | D49: B7NS3796 | E49: в работе | F49: 1 | I49: 45108 | J49: 44896 | K49: 0 | L49: 5 | M49: 1000 | N49: 65 лет Победы, 57 | O49: Otis xizi
B50: 12\2 | C50: 2 | D50: B7NS3797 | E50: в работе | I50: 45108 | J50: 44896 | K50: 0 | L50: 5 | M50: 1000 | N50: 65 лет Победы, 57 | O50: Otis xizi
B51: 12\3 | C51: 3 | D51: B7NS3798 | E51: в работе | I51: 45108 | J51: 44896 | K51: 0 | L51: 5 | M51: 1000 | N51: 65 лет Победы, 57 | O51: Otis xizi
B52: 12\4 | C52: 4 | D52: B7NS3818 | E52: в работе | I52: 45108 | J52: 44896 | K52: 0 | L52: 5 | M52: 1000 | N52: 65 лет Победы, 57 | O52: Otis xizi
B53: 14\1 | C53: 1 | D53: B7NS3787 | E53: в работе | F53: 1 | G53: 1 | I53: 45108 | J53: 44896 | K53: 0 | L53: 5 | M53: 1000 | N53: 65 лет Победы, 55/1 | O53: Otis xizi
B54: 15\1 | C54: 1 | D54: B7NS3885 | E54: в работе | G54: 1 | I54: 45108 | J54: 44896 | K54: 0 | L54: 5 | M54: 1000 | N54: 65 лет Победы, 55 | O54: Otis xizi
B55: 16\1 | C55: 1 | D55: B7NS3786 | E55: в работе | I55: 45108 | J55: 44896 | K55: 0 | L55: 5 | M55: 1000 | N55: Воскресенская, 8/1 | O55: Otis xizi
B56: 17\1 | C56: 1 | D56: B7NS3888 | E56: в работе | I56: 45108 | J56: 44896 | K56: 0 | L56: 5 | M56: 1000 | N56: 65 лет Победы, 53 | O56: Otis xizi
B57: 18\1 | C57: 1 | D57: B7NS3789 | E57: в работе | F57: 1 | G57: 7 | I57: 45108 | J57: 44896 | K57: 0 | L57: 5 | M57: 1000 | N57: Воскресенская, 8 | O57: Otis xizi
B58: 19\1 | C58: 1 | D58: B7NS3790 | E58: в работе | F58: 2 | G58: 1 | I58: 45108 | J58: 44896 | K58: 0 | L58: 5 | M58: 1000 | N58: Воскресенская, 6 | O58: Otis xizi
A59: Сигма А (38 шт.) | B59: 1\1 | C59: 1 | D59: B7NS3901 | E59: в работе | I59: 45108 | J59: 44927 | K59: 0 | L59: 5 | M59: 1000 | N59: Воскресенская, 14 | O59: Otis xizi
B60: 1\2 | C60: 2 | D60: B7NS3902 | E60: в работе | I60: 45108 | J60: 44927 | K60: 0 | L60: 5 | M60: 1000 | N60: Воскресенская, 14 | O60: Otis xizi
B61: 1\3 | C61: 3 | D61: B7NS3903 | E61: в работе | I61: 45108 | J61: 44927 | K61: 0 | L61: 5 | M61: 1000 | N61: Воскресенская, 14 | O61: Otis xizi
B62: 1\4 | C62: 4 | D62: B7NS3904 | E62: в работе | I62: 45108 | J62: 44927 | K62: 0 | L62: 5 | M62: 1000 | N62: Воскресенская, 14 | O62: Otis xizi
B63: 3\1 | C63: 1 | D63: B7NS3961 | E63: в работе | I63: 45108 | J63: 44927 | K63: 0 | L63: 5 | M63: 1000 | N63: Воскресенская, 14/2 | O63: Otis xizi
B64: 3\2 | C64: 2 | D64: B7NS3963 | E64: в работе | G64: 1 | I64: 45108 | J64: 44927 | K64: 0 | L64: 5 | M64: 1000 | N64: Воскресенская, 14/2 | O64: Otis xizi
B65: 3\3 | C65: 3 | D65: B7NS3951 | E65: в работе | I65: 45108 | J65: 44927 | K65: 0 | L65: 5 | M65: 1000 | N65: Воскресенская, 14/2 | O65: Otis xizi
B66: 3\4 | C66: 4 | D66: B7NS3960 | E66: в работе | I66: 45108 | J66: 44927 | K66: 0 | L66: 5 | M66: 1000 | N66: Воскресенская, 14/2 | O66: Otis xizi
B67: 3\5 | C67: 5 | D67: B7NS3965 | E67: в работе | I67: 45108 | J67: 44927 | K67: 0 | L67: 5 | M67: 1000 | N67: Воскресенская, 14/2 | O67: Otis xizi
B68: 4\1 | C68: 1 | D68: B7NS3964 | E68: в работе | I68: 45108 | J68: 44927 | K68: 0 | L68: 5 | M68: 1000 | N68: Воскресенская, 14/3 | O68: Otis xizi
B69: 4\2 | C69: 2 | D69: B7NS3966 | E69: в работе | F69: 1 | I69: 45108 | J69: 44927 | K69: 0 | L69: 5 | M69: 1000 | N69: Воскресенская, 14/3 | O69: Otis xizi
B70: 4\3 | C70: 3 | D70: B7NS3962 | E70: в работе | I70: 45108 | J70: 44927 | K70: 0 | L70: 5 | M70: 1000 | N70: Воскресенская, 14/3 | O70: Otis xizi
B71: 5\1 | C71: 1 | D71: B7NS3919 | E71: отключен | I71: 45108 | J71: 44927 | K71: 0 | L71: 5 | M71: 1000 | N71: ​Воскресенская, 12 | O71: Otis xizi
B72: 5\2 | C72: 2 | D72: B7NS3918 | E72: в работе | I72: 45108 | J72: 44927 | K72: 0 | L72: 5 | M72: 1000 | N72: ​Воскресенская, 12 | O72: Otis xizi
B73: 5\2 | C73: 3 | D73: 708514 | E73: отключен | I73: 45108 | J73: 44927 | K73: 0 | L73: 5 | M73: 1000 | N73: ​Воскресенская, 12 | O73: Kleemann
B74: 5\3 | C74: 4 | D74: B7NS3917 | E74: отключен | I74: 45108 | J74: 44927 | K74: 0 | L74: 5 | M74: 1000 | N74: ​Воскресенская, 12 | O74: Otis xizi
B75: 5\4 | C75: 5 | D75: B7NS3920 | E75: в работе | I75: 45108 | J75: 44927 | K75: 0 | L75: 5 | M75: 1000 | N75: ​Воскресенская, 12 | O75: Otis xizi
B76: 5\4 | C76: 6 | D76: 708513 | E76: отключен | I76: 45108 | J76: 44927 | K76: 0 | L76: 5 | M76: 1000 | N76: ​Воскресенская, 12 | O76: Kleemann
B77: 5\5 | C77: 7 | D77: B7NS3921 | E77: отключен | I77: 45108 | J77: 44927 | K77: 0 | L77: 5 | M77: 1000 | N77: ​Воскресенская, 12 | O77: Otis xizi
B78: 6\1 | C78: 1 | D78: B7NS3922 | E78: в работе | I78: 45108 | J78: 44927 | K78: 0 | L78: 5 | M78: 1000 | N78: Олимпийский проспект, 31 | O78: Otis xizi
B79: 6\2 | C79: 2 | D79: B7NS3923 | E79: в работе | I79: 45108 | J79: 44927 | K79: 0 | L79: 5 | M79: 1000 | N79: Олимпийский проспект, 31 | O79: Otis xizi
B80: 6\3 | C80: 3 | D80: B7NS3924 | E80: в работе | I80: 45108 | J80: 44927 | K80: 0 | L80: 5 | M80: 1000 | N80: Олимпийский проспект, 31 | O80: Otis xizi
B81: 7\1 | C81: 1 | D81: B7NS3927 | E81: в работе | I81: 45108 | J81: 44927 | K81: 0 | L81: 5 | M81: 1000 | N81: Олимпийский проспект, 33 | O81: Otis xizi
B82: 7\2 | C82: 2 | D82: B7NS3928 | E82: в работе | I82: 45108 | J82: 44927 | K82: 0 | L82: 5 | M82: 1000 | N82: Олимпийский проспект, 33 | O82: Otis xizi
B83: 7\3 | C83: 3 | D83: B7NS3954 | E83: в работе | I83: 45108 | J83: 44927 | K83: 0 | L83: 5 | M83: 1000 | N83: Олимпийский проспект, 33 | O83: Otis xizi
B84: 7\4 | C84: 4 | D84: B7NS3955 | E84: в работе | I84: 45108 | J84: 44927 | K84: 0 | L84: 5 | M84: 1000 | N84: Олимпийский проспект, 33 | O84: Otis xizi
B85: 8\1 | C85: 1 | D85: B7NS3929 | E85: в работе | I85: 45108 | J85: 44927 | K85: 0 | L85: 5 | M85: 1000 | N85: Олимпийский проспект, 35 | O85: Otis xizi
B86: 8\2 | C86: 2 | D86: B7NS3930 | E86: в работе | I86: 45108 | J86: 44927 | K86: 0 | L86: 5 | M86: 1000 | N86: Олимпийский проспект, 35 | O86: Otis xizi
B87: 8\3 | C87: 3 | D87: B7NS3931 | E87: в работе | I87: 45108 | J87: 44927 | K87: 0 | L87: 5 | M87: 1000 | N87: Олимпийский проспект, 35 | O87: Otis xizi
B88: 8\4 | C88: 4 | D88: B7NS3932 | E88: в работе | I88: 45108 | J88: 44927 | K88: 0 | L88: 5 | M88: 1000 | N88: Олимпийский проспект, 35 | O88: Otis xizi
... B90: 9\2 | C90: 2 | D90: B7NS3934 | E90: в работе | I90: 45108 | J90: 44927 | K90: 0 | L90: 5 | M90: 1000 | N90: Олимпийский проспект, 37 | O90: Otis xizi
B91: 9\3 | C91: 3 | D91: B7NS3935 | E91: в работе | G91: 1 | I91: 45108 | J91: 44927 | K91: 0 | L91: 5 | M91: 1000 | N91: Олимпийский проспект, 37 | O91: Otis xizi
